Registration_ID,Registration_Date,Discharge_Date,Patient_ID,Room_ID,Doctor_ID,outPatient
1,06/05/2024,06/11/2024,7148,43,7,0
2,08/08/2024,08/09/2024,2849,8,2,0
3,4/30/2024,05/02/2024,4134,33,18,0
4,8/15/2024,8/17/2024,6876,15,4,1
5,06/02/2024,06/11/2024,4991,13,25,1
6,04/03/2024,04/10/2024,7402,26,1,0
7,1/26/2024,02/09/2024,495,16,22,1
8,04/08/2024,4/15/2024,4102,25,42,0
9,05/06/2024,05/07/2024,4282,38,15,0
10,5/25/2024,5/30/2024,1146,47,42,0
11,08/06/2024,08/10/2024,3847,18,12,0
12,7/22/2024,08/04/2024,5553,31,17,1
13,1/31/2024,02/06/2024,6900,21,1,1
14,06/08/2024,06/09/2024,3943,23,27,0
15,07/05/2024,7/19/2024,7117,3,5,1
16,08/09/2024,8/21/2024,1804,15,24,1
17,01/02/2024,01/06/2024,9921,32,11,0
18,7/14/2024,7/16/2024,1804,44,38,0
19,02/05/2024,02/12/2024,4166,25,25,1
20,4/20/2024,4/27/2024,9514,39,38,1
21,07/04/2024,07/06/2024,7035,49,34,0
22,7/31/2024,08/05/2024,109,15,35,0
23,05/05/2024,05/12/2024,9364,35,14,0
24,5/31/2024,06/08/2024,6369,43,42,1
25,6/26/2024,6/28/2024,2906,46,50,1
26,05/02/2024,5/13/2024,7826,22,29,1
27,05/05/2024,5/17/2024,719,31,25,1
28,3/17/2024,3/25/2024,5853,37,23,1
29,1/20/2024,1/21/2024,3942,8,11,0
30,05/08/2024,5/15/2024,1714,1,20,0
31,6/21/2024,6/26/2024,5297,4,5,1
32,03/08/2024,3/22/2024,6896,15,11,0
33,08/12/2024,8/24/2024,9397,42,4,0
34,05/09/2024,5/18/2024,8674,21,1,1
35,04/11/2024,04/12/2024,5575,12,15,0
36,6/15/2024,6/29/2024,123,2,20,0
37,01/03/2024,01/09/2024,1499,9,46,1
38,2/16/2024,2/18/2024,8242,31,26,0
39,1/18/2024,1/25/2024,2974,39,27,0
40,7/18/2024,7/21/2024,6536,9,7,1
41,6/28/2024,07/11/2024,3406,36,46,1
42,05/03/2024,05/11/2024,1795,17,20,1
43,2/22/2024,03/01/2024,2743,33,37,0
44,5/21/2024,5/25/2024,4676,6,35,0
45,4/22/2024,4/28/2024,2603,11,32,1
46,01/08/2024,1/14/2024,6692,22,31,1
47,1/24/2024,02/07/2024,7870,31,32,0
48,01/06/2024,1/13/2024,7387,15,4,1
49,2/27/2024,2/29/2024,4712,10,12,0
50,3/20/2024,3/25/2024,6710,19,48,0
51,06/02/2024,06/10/2024,5666,34,15,0
52,4/16/2024,4/29/2024,3832,38,9,1
53,5/17/2024,5/20/2024,5277,28,32,1
54,01/10/2024,1/23/2024,2471,12,24,0
55,4/25/2024,4/27/2024,7832,29,40,1
56,1/16/2024,1/26/2024,1913,11,29,0
57,05/07/2024,5/19/2024,4636,27,14,0
58,02/08/2024,02/11/2024,3843,48,37,0
59,03/09/2024,3/15/2024,2368,35,48,0
60,07/10/2024,7/22/2024,9093,32,24,0
61,03/09/2024,03/11/2024,981,13,50,1
62,7/31/2024,08/08/2024,313,46,15,0
63,1/15/2024,1/20/2024,1519,4,47,0
64,2/29/2024,03/02/2024,3603,9,30,1
65,06/09/2024,6/15/2024,4587,31,34,1
66,02/10/2024,2/13/2024,1476,28,17,1
67,7/15/2024,7/22/2024,6064,26,26,1
68,7/23/2024,7/26/2024,7927,19,18,0
69,7/29/2024,08/02/2024,6141,50,8,0
70,4/16/2024,4/27/2024,4382,15,39,1
71,6/16/2024,6/19/2024,7102,38,38,0
72,01/08/2024,1/22/2024,9077,43,23,0
73,01/05/2024,01/08/2024,9793,15,14,1
74,1/20/2024,1/23/2024,3717,45,19,0
75,02/01/2024,02/03/2024,2420,12,28,0
76,2/16/2024,2/28/2024,2524,13,30,0
77,07/12/2024,7/18/2024,2109,4,24,0
78,06/07/2024,06/12/2024,1152,10,44,1
79,07/10/2024,7/19/2024,681,42,19,1
80,08/07/2024,08/09/2024,4200,44,39,1
81,5/29/2024,06/03/2024,6378,40,19,1
82,02/07/2024,2/14/2024,9686,25,22,1
83,04/11/2024,4/24/2024,3985,40,13,0
84,02/08/2024,2/14/2024,4776,7,46,0
85,7/18/2024,7/30/2024,7190,27,31,1
86,7/27/2024,08/01/2024,9378,28,38,1
87,06/05/2024,6/13/2024,6402,10,37,1
88,2/14/2024,2/18/2024,2728,24,20,1
89,03/09/2024,3/21/2024,6940,32,48,0
90,06/05/2024,06/10/2024,6372,6,15,1
91,08/06/2024,8/18/2024,2437,3,1,1
92,03/10/2024,3/22/2024,5039,41,48,1
93,08/06/2024,8/17/2024,6559,48,31,0
94,02/08/2024,2/18/2024,6504,5,50,1
95,2/25/2024,03/04/2024,2573,25,31,1
96,06/07/2024,6/16/2024,5945,47,12,0
97,05/02/2024,5/15/2024,5652,33,45,1
98,2/26/2024,03/10/2024,9653,15,25,1
99,5/21/2024,5/26/2024,8712,21,29,1
100,08/08/2024,08/09/2024,1600,14,41,0
101,07/05/2024,07/12/2024,2476,30,16,1
102,5/29/2024,06/03/2024,4773,35,41,1
103,1/30/2024,02/09/2024,5425,45,48,0
104,08/05/2024,08/11/2024,2982,33,34,0
105,04/08/2024,4/14/2024,826,33,13,1
106,07/02/2024,07/11/2024,3638,49,1,1
107,6/13/2024,6/17/2024,3940,22,1,1
108,02/01/2024,02/08/2024,8727,16,42,1
109,06/10/2024,6/24/2024,4251,5,12,1
110,7/15/2024,7/28/2024,7444,20,3,0
111,5/31/2024,06/07/2024,3950,25,46,0
112,3/16/2024,3/17/2024,8859,41,27,1
113,01/08/2024,1/21/2024,3515,31,14,0
114,02/11/2024,2/13/2024,3374,13,18,1
115,3/21/2024,04/04/2024,9576,46,42,0
116,03/12/2024,3/21/2024,5591,36,5,0
117,4/13/2024,4/22/2024,6175,23,50,0
118,7/26/2024,7/28/2024,7198,18,26,0
119,4/25/2024,05/04/2024,3772,26,37,1
120,7/15/2024,7/18/2024,7019,17,32,0
121,3/20/2024,3/23/2024,5733,22,33,0
122,06/10/2024,6/16/2024,1034,11,42,0
123,01/02/2024,01/10/2024,1688,17,10,1
124,07/04/2024,07/06/2024,5498,42,15,1
125,03/07/2024,03/08/2024,2615,11,49,0
126,1/24/2024,1/30/2024,3424,31,27,1
127,2/18/2024,2/25/2024,3460,40,46,0
128,05/09/2024,5/16/2024,6324,9,42,1
129,04/02/2024,04/07/2024,6155,15,7,0
130,4/27/2024,05/04/2024,2750,39,33,0
131,02/11/2024,2/18/2024,4822,19,7,1
132,03/08/2024,3/21/2024,1952,2,30,1
133,7/18/2024,7/25/2024,7656,40,39,0
134,1/30/2024,02/05/2024,1803,19,30,0
135,1/24/2024,1/31/2024,4812,15,40,0
136,01/04/2024,1/13/2024,1764,23,25,1
137,4/28/2024,05/10/2024,9867,35,44,0
138,7/25/2024,08/04/2024,7543,14,45,1
139,4/24/2024,4/26/2024,4995,13,15,1
140,5/30/2024,06/01/2024,9363,4,14,1
141,3/23/2024,3/30/2024,5757,2,18,1
142,7/22/2024,7/24/2024,9539,19,14,1
143,7/24/2024,08/05/2024,3798,1,14,1
144,8/13/2024,8/25/2024,3874,30,33,0
145,6/29/2024,07/07/2024,1032,24,26,1
146,7/13/2024,7/18/2024,1313,40,43,1
147,6/18/2024,6/27/2024,8877,38,9,1
148,07/07/2024,07/08/2024,8217,18,43,1
149,08/04/2024,8/15/2024,923,12,1,1
150,5/26/2024,06/01/2024,8239,11,50,1
151,7/26/2024,7/31/2024,481,47,48,0
152,01/11/2024,1/21/2024,185,16,29,0
153,01/01/2024,01/11/2024,2319,48,43,1
154,06/11/2024,6/17/2024,8579,35,34,0
155,3/24/2024,3/26/2024,2944,23,32,1
156,2/26/2024,03/11/2024,5886,45,50,1
157,06/01/2024,06/03/2024,5134,12,31,0
158,4/24/2024,4/25/2024,6501,49,29,1
159,4/20/2024,05/01/2024,3402,50,1,1
160,1/17/2024,1/26/2024,9126,20,25,1
161,01/02/2024,01/03/2024,1247,17,27,0
162,1/19/2024,1/23/2024,6472,38,23,1
163,01/12/2024,1/15/2024,9792,21,5,1
164,04/11/2024,4/14/2024,2753,35,38,0
165,5/30/2024,06/11/2024,8874,1,3,0
166,4/26/2024,4/27/2024,5197,23,17,1
167,07/05/2024,07/11/2024,1031,15,5,0
168,4/26/2024,05/08/2024,217,26,43,0
169,6/14/2024,6/27/2024,8380,38,12,1
170,4/17/2024,4/22/2024,2927,15,48,1
171,4/21/2024,4/25/2024,6775,33,16,1
172,4/21/2024,4/27/2024,7099,45,34,0
173,5/20/2024,5/29/2024,9077,10,47,0
174,7/29/2024,08/05/2024,9854,38,15,1
175,6/29/2024,07/11/2024,857,14,7,1
176,4/13/2024,4/19/2024,6738,14,19,0
177,04/03/2024,4/14/2024,5377,48,5,0
178,03/07/2024,3/20/2024,9228,44,24,0
179,1/26/2024,02/01/2024,392,46,31,1
180,07/09/2024,7/13/2024,3735,45,23,0
181,05/02/2024,05/11/2024,4601,48,10,1
182,05/10/2024,5/18/2024,8097,28,32,0
183,08/06/2024,8/18/2024,982,15,29,1
184,3/20/2024,3/22/2024,996,15,31,0
185,02/11/2024,2/23/2024,9630,33,6,1
186,03/01/2024,03/07/2024,4021,4,13,0
187,6/19/2024,6/30/2024,1680,11,6,1
188,02/08/2024,02/09/2024,8739,33,26,1
189,06/01/2024,6/14/2024,9975,6,34,0
190,5/13/2024,5/14/2024,7397,35,13,1
191,5/29/2024,06/10/2024,7598,21,25,0
192,3/31/2024,04/06/2024,9901,32,27,1
193,5/21/2024,5/24/2024,6978,35,46,0
194,4/25/2024,05/01/2024,574,25,33,1
195,02/08/2024,2/19/2024,1638,28,50,1
196,4/14/2024,4/24/2024,794,18,4,1
197,08/11/2024,8/13/2024,9890,26,2,1
198,5/14/2024,5/20/2024,6311,17,50,0
199,02/01/2024,02/09/2024,3856,47,43,1
200,4/23/2024,05/01/2024,6067,44,7,1
201,7/23/2024,7/27/2024,2583,37,36,0
202,5/16/2024,5/28/2024,8456,28,17,0
203,2/23/2024,2/26/2024,5288,15,25,1
204,5/30/2024,06/12/2024,3365,35,9,0
205,07/07/2024,07/09/2024,2985,23,20,1
206,3/24/2024,04/07/2024,9988,3,14,1
207,08/08/2024,8/20/2024,8099,15,34,1
208,3/21/2024,3/23/2024,6375,14,17,0
209,1/20/2024,1/21/2024,6087,18,26,0
210,5/30/2024,06/01/2024,6629,4,19,0
211,4/14/2024,4/24/2024,9757,50,20,0
212,3/17/2024,3/25/2024,193,42,45,1
213,2/24/2024,03/07/2024,7415,31,32,1
214,4/30/2024,05/05/2024,6367,32,31,0
215,03/03/2024,3/14/2024,1159,12,49,0
216,4/13/2024,4/19/2024,8554,25,15,1
217,6/16/2024,6/20/2024,7374,29,23,1
218,03/09/2024,3/19/2024,7505,41,46,0
219,7/17/2024,7/23/2024,1932,11,13,1
220,08/10/2024,8/14/2024,5657,7,46,0
221,3/15/2024,3/23/2024,4754,21,32,0
222,3/21/2024,3/23/2024,8590,36,43,1
223,3/15/2024,3/20/2024,3259,12,49,1
224,07/07/2024,7/16/2024,6835,29,38,1
225,04/02/2024,04/10/2024,8222,44,50,1
226,3/25/2024,04/05/2024,9527,37,18,1
227,01/07/2024,1/19/2024,9649,43,38,1
228,03/03/2024,3/14/2024,2279,46,41,0
229,02/03/2024,02/09/2024,2316,35,26,1
230,7/26/2024,08/03/2024,2082,5,28,1
231,06/01/2024,6/14/2024,7647,40,23,1
232,5/21/2024,5/31/2024,8734,48,26,1
233,7/29/2024,7/30/2024,243,22,47,0
234,04/11/2024,4/23/2024,9031,11,27,0
235,03/05/2024,3/13/2024,1739,37,12,1
236,5/19/2024,5/22/2024,8564,9,46,1
237,6/17/2024,6/24/2024,7334,13,1,1
238,4/27/2024,05/07/2024,4827,45,10,1
239,1/26/2024,02/05/2024,8497,49,43,1
240,4/14/2024,4/18/2024,25,12,39,1
241,05/04/2024,5/18/2024,6820,28,22,1
242,01/05/2024,01/12/2024,1203,48,27,0
243,4/17/2024,4/20/2024,307,13,1,1
244,8/14/2024,8/26/2024,7697,8,10,0
245,5/16/2024,5/29/2024,317,41,50,0
246,8/13/2024,8/15/2024,5192,41,32,0
247,04/04/2024,4/15/2024,3181,47,45,1
248,4/16/2024,4/25/2024,8962,39,46,0
249,1/20/2024,1/26/2024,9250,15,8,0
250,5/20/2024,5/28/2024,6392,35,6,1
251,5/15/2024,5/24/2024,4547,49,31,0
252,5/29/2024,06/12/2024,1989,6,37,1
253,3/23/2024,3/28/2024,6279,44,49,0
254,3/15/2024,3/20/2024,7272,29,43,0
255,1/14/2024,1/17/2024,8473,32,30,1
256,08/05/2024,08/09/2024,5926,26,36,1
257,02/06/2024,02/09/2024,5198,23,36,1
258,06/09/2024,6/13/2024,3472,19,45,1
259,4/21/2024,4/23/2024,8910,41,26,0
260,6/25/2024,07/04/2024,7110,1,10,1
261,04/03/2024,4/16/2024,6532,39,3,0
262,06/04/2024,6/17/2024,9229,21,25,1
263,02/11/2024,2/13/2024,8815,48,31,1
264,2/20/2024,03/05/2024,2937,35,39,0
265,06/04/2024,06/11/2024,7335,16,31,1
266,08/09/2024,8/17/2024,8412,27,18,1
267,4/20/2024,05/04/2024,9137,34,17,1
268,07/11/2024,7/16/2024,8949,47,11,0
269,4/25/2024,05/01/2024,8167,49,45,1
270,6/19/2024,6/30/2024,3285,2,34,0
271,07/06/2024,7/16/2024,4635,24,12,0
272,5/25/2024,06/01/2024,6534,8,25,1
273,7/29/2024,08/03/2024,6219,18,36,1
274,08/08/2024,8/13/2024,9075,1,31,1
275,4/21/2024,4/24/2024,3509,32,13,1
276,04/10/2024,04/11/2024,7507,22,16,1
277,06/09/2024,6/16/2024,6125,15,2,1
278,07/01/2024,7/13/2024,7275,5,39,1
279,3/30/2024,04/12/2024,27,5,19,1
280,3/28/2024,04/03/2024,3285,18,29,0
281,6/18/2024,6/26/2024,4469,33,9,0
282,7/19/2024,7/28/2024,3094,20,34,1
283,04/07/2024,04/10/2024,1589,21,11,1
284,2/28/2024,03/02/2024,1691,23,24,1
285,7/30/2024,8/13/2024,9901,38,38,1
286,1/20/2024,1/25/2024,4177,2,9,0
287,06/08/2024,6/17/2024,4896,46,47,1
288,7/30/2024,08/10/2024,1921,12,46,0
289,5/30/2024,06/12/2024,3926,23,15,1
290,5/27/2024,5/28/2024,8611,4,27,1
291,1/28/2024,1/31/2024,2697,46,39,0
292,4/28/2024,4/29/2024,1645,41,10,1
293,01/06/2024,1/20/2024,2232,26,13,1
294,05/10/2024,5/16/2024,5467,38,39,1
295,07/06/2024,7/19/2024,2874,16,21,1
296,08/04/2024,08/08/2024,760,24,16,0
297,1/14/2024,1/27/2024,7905,11,10,1
298,6/17/2024,6/26/2024,6616,12,17,1
299,2/14/2024,2/17/2024,8826,10,31,0
300,8/17/2024,8/28/2024,7920,27,14,0
301,7/31/2024,8/14/2024,2985,22,22,1
302,3/22/2024,04/02/2024,8144,49,18,0
303,2/13/2024,2/27/2024,3293,35,35,0
304,8/15/2024,8/26/2024,9125,8,47,0
305,3/25/2024,04/02/2024,5245,35,21,0
306,05/06/2024,5/14/2024,2354,44,20,0
307,5/16/2024,5/27/2024,4179,22,41,0
308,7/29/2024,08/03/2024,4986,14,41,1
309,01/07/2024,01/10/2024,4446,30,29,0
310,01/09/2024,1/18/2024,7568,47,7,0
311,06/04/2024,06/08/2024,3113,8,26,0
312,8/13/2024,8/20/2024,365,7,34,1
313,08/06/2024,8/16/2024,6619,9,25,1
314,02/04/2024,2/15/2024,1925,26,20,0
315,3/30/2024,04/10/2024,8362,20,43,1
316,7/22/2024,7/31/2024,3527,35,24,1
317,6/24/2024,6/28/2024,3501,9,46,0
318,7/24/2024,08/03/2024,1837,35,38,0
319,7/18/2024,7/22/2024,1783,45,44,1
320,06/10/2024,6/15/2024,9053,26,35,1
321,01/08/2024,01/10/2024,3913,35,34,0
322,4/27/2024,05/11/2024,5604,39,35,0
323,6/24/2024,6/30/2024,5219,3,39,1
324,04/02/2024,04/03/2024,2170,5,50,1
325,5/21/2024,5/29/2024,4059,16,9,1
326,4/16/2024,4/25/2024,2591,32,6,1
327,01/04/2024,01/11/2024,1876,20,49,0
328,02/04/2024,02/06/2024,7945,13,36,0
329,6/19/2024,07/02/2024,9051,30,19,1
330,05/10/2024,5/19/2024,2730,22,24,0
331,05/10/2024,5/22/2024,6375,50,41,1
332,4/26/2024,05/01/2024,4193,18,42,0
333,01/05/2024,1/16/2024,3599,4,37,1
334,3/27/2024,04/07/2024,742,48,5,1
335,06/08/2024,06/09/2024,5076,35,16,0
336,3/19/2024,3/24/2024,6366,18,27,1
337,2/22/2024,2/28/2024,1115,43,11,0
338,06/04/2024,06/05/2024,1846,14,38,1
339,4/29/2024,05/03/2024,8700,4,45,0
340,2/16/2024,2/20/2024,8127,33,10,0
341,8/13/2024,8/24/2024,4048,13,35,1
342,04/11/2024,4/25/2024,1632,24,29,1
343,5/16/2024,5/24/2024,4285,46,47,0
344,04/09/2024,4/22/2024,7543,22,20,0
345,01/04/2024,01/06/2024,9441,25,5,0
346,5/30/2024,06/11/2024,5942,28,43,1
347,03/09/2024,3/17/2024,7283,33,3,1
348,6/16/2024,6/17/2024,7180,45,2,0
349,06/11/2024,6/20/2024,5117,11,26,1
350,4/26/2024,05/01/2024,2557,44,1,0
351,6/28/2024,07/10/2024,2622,46,7,0
352,3/24/2024,3/28/2024,8980,18,12,1
353,03/07/2024,3/19/2024,524,47,1,1
354,5/29/2024,5/30/2024,8413,15,17,1
355,6/16/2024,6/20/2024,9611,7,1,0
356,06/03/2024,6/15/2024,5024,33,13,0
357,05/12/2024,5/26/2024,8308,19,7,0
358,6/23/2024,6/26/2024,5574,26,48,0
359,3/25/2024,04/06/2024,2227,50,34,0
360,7/24/2024,08/02/2024,6836,42,44,1
361,6/15/2024,6/23/2024,7886,29,14,1
362,7/31/2024,08/01/2024,4589,34,42,0
363,07/02/2024,07/06/2024,8133,39,47,1
364,7/30/2024,8/13/2024,6763,26,11,1
365,7/23/2024,7/27/2024,9486,45,26,1
366,6/18/2024,6/24/2024,8447,19,7,0
367,5/30/2024,06/12/2024,4282,42,36,1
368,1/27/2024,1/31/2024,8516,14,28,0
369,06/01/2024,06/02/2024,241,3,46,0
370,7/26/2024,7/30/2024,755,9,41,1
371,03/01/2024,03/03/2024,4482,7,12,0
372,05/06/2024,5/20/2024,5334,3,35,1
373,08/02/2024,08/11/2024,8543,42,2,1
374,1/15/2024,1/28/2024,3580,50,12,0
375,01/09/2024,1/17/2024,9842,45,38,1
376,5/31/2024,06/10/2024,7088,5,13,1
377,08/12/2024,8/18/2024,9626,3,25,1
378,04/09/2024,4/20/2024,9503,15,41,1
379,3/18/2024,3/30/2024,507,21,9,1
380,04/03/2024,04/10/2024,1322,48,27,0
381,04/10/2024,4/16/2024,9105,40,12,0
382,04/06/2024,04/07/2024,946,2,33,0
383,04/08/2024,4/14/2024,3716,14,3,1
384,06/09/2024,6/17/2024,3437,43,39,1
385,1/19/2024,1/21/2024,5155,25,37,1
386,1/24/2024,02/01/2024,6945,37,24,0
387,08/10/2024,8/17/2024,7345,34,11,0
388,8/13/2024,8/15/2024,275,8,1,0
389,08/12/2024,8/26/2024,4474,47,9,0
390,1/19/2024,1/22/2024,253,43,30,1
391,7/28/2024,08/04/2024,5210,32,28,0
392,2/26/2024,03/07/2024,6173,5,28,0
393,8/15/2024,8/28/2024,1775,25,14,1
394,06/03/2024,6/15/2024,5017,28,50,1
395,01/05/2024,1/15/2024,7886,41,5,0
396,1/18/2024,1/24/2024,9086,40,22,1
397,5/13/2024,5/21/2024,4844,23,34,1
398,3/13/2024,3/23/2024,9635,48,47,0
399,03/08/2024,3/22/2024,8422,45,33,1
400,04/06/2024,04/12/2024,4606,49,32,0
401,06/06/2024,06/11/2024,7679,32,43,0
402,2/21/2024,03/02/2024,561,15,18,0
403,3/31/2024,04/11/2024,895,5,40,0
404,02/05/2024,2/13/2024,2116,11,46,1
405,3/19/2024,3/26/2024,6903,14,2,0
406,7/14/2024,7/28/2024,2115,28,16,1
407,4/19/2024,4/24/2024,7769,48,37,1
408,06/01/2024,06/08/2024,7500,36,50,0
409,07/03/2024,07/11/2024,3916,43,20,0
410,3/23/2024,04/05/2024,7167,39,1,1
411,02/03/2024,2/14/2024,3163,7,24,0
412,5/15/2024,5/23/2024,8858,28,6,0
413,4/26/2024,05/08/2024,4189,39,40,1
414,5/14/2024,5/22/2024,625,46,8,1
415,05/05/2024,5/15/2024,6496,7,37,1
416,05/08/2024,5/20/2024,5414,14,13,0
417,7/15/2024,7/27/2024,7614,49,10,0
418,02/05/2024,2/16/2024,7580,9,23,0
419,6/22/2024,07/03/2024,9506,2,40,1
420,5/22/2024,5/31/2024,678,22,12,1
421,02/06/2024,2/17/2024,6361,25,33,1
422,4/25/2024,05/04/2024,9775,22,45,1
423,01/09/2024,1/17/2024,4896,49,5,0
424,5/25/2024,5/30/2024,5093,17,17,0
425,1/14/2024,1/21/2024,6175,21,2,0
426,1/26/2024,1/30/2024,780,30,30,1
427,08/01/2024,08/04/2024,5778,17,35,1
428,6/22/2024,6/23/2024,247,40,42,1
429,3/13/2024,3/22/2024,624,14,18,0
430,5/29/2024,06/03/2024,9603,9,19,1
431,05/09/2024,5/14/2024,4480,2,49,1
432,04/04/2024,04/10/2024,9883,46,17,1
433,03/01/2024,03/07/2024,5883,43,38,1
434,01/11/2024,1/14/2024,3610,31,50,0
435,07/04/2024,7/15/2024,8040,37,22,0
436,02/02/2024,02/04/2024,8620,28,44,1
437,08/06/2024,8/14/2024,7448,31,16,0
438,5/26/2024,06/07/2024,161,42,27,1
439,5/13/2024,5/17/2024,7825,28,12,0
440,3/17/2024,3/31/2024,5958,20,50,0
441,04/03/2024,04/04/2024,8260,24,13,0
442,7/25/2024,08/05/2024,9496,15,5,1
443,2/27/2024,03/04/2024,5023,48,26,0
444,5/20/2024,5/21/2024,6123,39,45,1
445,5/14/2024,5/28/2024,7578,34,7,0
446,04/01/2024,04/03/2024,4505,6,11,1
447,7/28/2024,08/11/2024,7724,36,10,0
448,07/04/2024,7/17/2024,847,11,46,1
449,01/03/2024,1/15/2024,6618,12,9,0
450,8/16/2024,8/29/2024,305,37,9,1
451,5/19/2024,06/02/2024,1911,25,47,0
452,3/29/2024,04/03/2024,5817,44,44,0
453,02/10/2024,2/13/2024,7866,21,19,1
454,5/14/2024,5/25/2024,6073,42,29,0
455,3/16/2024,3/28/2024,5139,12,35,1
456,05/05/2024,5/18/2024,3269,49,46,0
457,1/25/2024,02/05/2024,5221,48,13,1
458,04/12/2024,4/17/2024,7236,4,39,1
459,3/26/2024,04/09/2024,6396,7,18,1
460,3/20/2024,3/24/2024,9208,43,19,0
461,03/03/2024,3/14/2024,556,10,39,0
462,4/16/2024,4/26/2024,4113,34,11,1
463,3/16/2024,3/19/2024,6934,14,8,0
464,01/08/2024,1/17/2024,3891,41,34,0
465,07/07/2024,7/18/2024,1383,47,23,0
466,1/25/2024,02/05/2024,7244,41,33,1
467,8/15/2024,8/29/2024,3547,5,15,1
468,7/31/2024,08/08/2024,4995,38,27,0
469,2/16/2024,2/23/2024,9212,42,13,1
470,06/08/2024,6/14/2024,9806,16,44,1
471,01/04/2024,1/15/2024,4279,13,7,0
472,2/27/2024,03/07/2024,9420,27,21,1
473,3/20/2024,04/02/2024,3962,12,7,0
474,06/05/2024,6/16/2024,8547,12,6,1
475,05/05/2024,5/13/2024,7799,39,17,0
476,05/07/2024,5/21/2024,474,10,41,1
477,7/28/2024,08/11/2024,4501,25,12,0
478,07/09/2024,7/20/2024,3922,6,38,0
479,3/21/2024,04/01/2024,6211,28,41,1
480,1/23/2024,02/03/2024,2566,5,27,0
481,5/22/2024,06/02/2024,5755,22,28,1
482,5/17/2024,5/21/2024,4246,29,49,0
483,4/17/2024,05/01/2024,415,35,30,1
484,3/28/2024,04/03/2024,9548,8,44,0
485,08/12/2024,8/20/2024,1938,42,8,0
486,5/21/2024,5/29/2024,9102,37,23,0
487,03/12/2024,3/19/2024,4659,35,24,0
488,03/04/2024,3/15/2024,2689,26,1,0
489,1/20/2024,1/28/2024,2941,11,25,0
490,3/22/2024,3/31/2024,3249,16,45,1
491,03/02/2024,03/03/2024,9977,21,36,1
492,8/17/2024,8/19/2024,554,15,42,0
493,01/06/2024,1/15/2024,3809,48,42,1
494,8/16/2024,8/22/2024,7950,45,49,1
495,03/02/2024,03/11/2024,5837,40,34,0
496,1/18/2024,1/28/2024,9166,16,44,1
497,01/06/2024,1/14/2024,803,25,3,1
498,7/22/2024,7/30/2024,7145,4,29,0
499,01/12/2024,1/21/2024,1537,37,6,0
500,1/21/2024,1/25/2024,2632,26,18,0
501,5/13/2024,5/27/2024,6497,27,27,0
502,5/13/2024,5/27/2024,7455,7,27,0
503,06/04/2024,06/07/2024,3966,1,29,0
504,08/05/2024,8/13/2024,7525,7,45,1
505,3/29/2024,04/10/2024,2007,44,17,0
506,02/06/2024,02/11/2024,3423,30,27,0
507,2/23/2024,2/27/2024,5037,5,3,1
508,01/08/2024,1/14/2024,59,5,29,0
509,3/22/2024,3/23/2024,860,45,12,1
510,08/12/2024,8/25/2024,4526,38,50,0
511,5/17/2024,5/18/2024,6486,34,5,0
512,1/22/2024,1/24/2024,6179,25,38,1
513,7/21/2024,08/01/2024,8576,27,14,0
514,5/24/2024,06/02/2024,2069,43,48,1
515,07/09/2024,07/10/2024,9637,24,16,0
516,5/31/2024,06/09/2024,4654,10,50,0
517,05/12/2024,5/17/2024,3864,14,10,0
518,04/09/2024,4/15/2024,3015,11,46,1
519,4/19/2024,05/01/2024,5750,31,48,1
520,2/24/2024,03/01/2024,5181,30,23,1
521,6/29/2024,07/10/2024,9145,40,7,1
522,4/30/2024,5/14/2024,402,43,12,1
523,7/16/2024,7/21/2024,3964,9,25,1
524,08/10/2024,8/15/2024,4368,27,24,0
525,7/14/2024,7/24/2024,5692,6,11,1
526,6/14/2024,6/25/2024,5910,4,16,1
527,3/18/2024,3/25/2024,8708,41,17,0
528,01/09/2024,01/10/2024,2594,41,27,0
529,06/07/2024,6/17/2024,2008,36,23,0
530,06/10/2024,06/11/2024,7695,35,43,1
531,6/22/2024,6/29/2024,7105,26,35,0
532,03/07/2024,3/19/2024,8316,15,36,1
533,03/07/2024,03/11/2024,3163,46,36,0
534,2/16/2024,03/01/2024,4196,41,26,1
535,02/11/2024,2/16/2024,4497,8,38,0
536,3/16/2024,3/18/2024,1899,32,30,1
537,4/21/2024,05/02/2024,4622,38,18,1
538,7/24/2024,7/27/2024,1129,49,25,1
539,02/09/2024,2/19/2024,7468,48,24,1
540,1/15/2024,1/29/2024,3270,43,44,0
541,5/21/2024,5/24/2024,3616,26,3,1
542,07/02/2024,07/12/2024,2199,14,40,1
543,2/19/2024,2/29/2024,5678,40,50,0
544,06/07/2024,06/10/2024,5573,38,6,1
545,08/12/2024,8/25/2024,8305,11,25,1
546,1/15/2024,1/25/2024,1506,26,41,0
547,2/14/2024,2/23/2024,2502,14,19,0
548,7/16/2024,7/19/2024,1930,4,3,1
549,2/26/2024,03/08/2024,7498,44,27,1
550,05/10/2024,5/20/2024,3770,22,11,1
551,02/11/2024,2/22/2024,6087,38,11,0
552,5/31/2024,06/09/2024,2512,13,32,0
553,5/31/2024,06/07/2024,2445,49,22,0
554,03/08/2024,03/09/2024,1730,5,22,1
555,02/04/2024,02/10/2024,3731,16,36,0
556,04/01/2024,04/07/2024,4481,41,43,1
557,7/16/2024,7/30/2024,4241,19,9,1
558,04/02/2024,04/06/2024,9979,14,49,0
559,03/01/2024,03/04/2024,2421,17,24,1
560,6/25/2024,07/07/2024,9811,49,34,1
561,7/28/2024,08/02/2024,1144,47,25,0
562,04/06/2024,4/13/2024,345,18,8,0
563,4/25/2024,4/27/2024,4462,1,23,1
564,3/27/2024,04/07/2024,8922,23,14,1
565,4/25/2024,4/29/2024,4342,45,19,0
566,01/12/2024,1/21/2024,7260,40,15,0
567,02/09/2024,2/16/2024,4635,48,1,0
568,8/18/2024,8/31/2024,7977,38,29,0
569,4/28/2024,4/29/2024,9685,50,21,1
570,1/13/2024,1/20/2024,3135,41,7,0
571,6/24/2024,07/02/2024,3728,37,43,0
572,5/27/2024,5/29/2024,7559,26,19,0
573,7/30/2024,08/07/2024,7837,22,33,1
574,5/14/2024,5/17/2024,8717,17,46,0
575,7/27/2024,08/06/2024,8970,41,22,1
576,7/14/2024,7/20/2024,2597,47,40,0
577,03/07/2024,3/18/2024,6402,20,17,0
578,5/20/2024,5/23/2024,2601,14,17,1
579,7/28/2024,08/11/2024,1690,18,20,1
580,6/19/2024,6/30/2024,5885,22,34,0
581,02/02/2024,02/10/2024,9728,38,28,1
582,07/07/2024,7/14/2024,778,4,38,0
583,5/29/2024,06/02/2024,5287,50,31,1
584,3/30/2024,3/31/2024,346,48,3,1
585,7/28/2024,7/30/2024,1795,29,28,1
586,3/13/2024,3/21/2024,7874,33,12,0
587,2/22/2024,2/23/2024,3425,37,33,0
588,5/24/2024,06/04/2024,6262,23,29,0
589,05/01/2024,05/07/2024,2622,32,23,1
590,07/04/2024,07/06/2024,6906,29,36,0
591,03/04/2024,3/16/2024,1132,27,25,0
592,01/04/2024,1/16/2024,5434,34,43,1
593,01/08/2024,01/11/2024,4073,34,3,0
594,02/02/2024,02/05/2024,4849,21,24,1
595,5/16/2024,5/17/2024,9090,37,1,1
596,5/19/2024,5/23/2024,4468,24,43,0
597,4/18/2024,4/29/2024,890,24,48,1
598,4/29/2024,05/06/2024,3254,22,33,0
599,01/05/2024,1/16/2024,8229,36,31,1
600,03/08/2024,3/22/2024,6790,12,36,0
601,2/24/2024,03/09/2024,1386,25,15,1
602,4/29/2024,05/05/2024,7999,24,17,0
603,4/29/2024,05/01/2024,6247,4,39,1
604,4/16/2024,4/27/2024,1072,6,14,1
605,01/12/2024,1/18/2024,8293,44,26,0
606,06/01/2024,06/03/2024,7760,13,42,1
607,7/28/2024,08/05/2024,9580,12,23,1
608,1/27/2024,02/08/2024,1916,34,24,0
609,08/07/2024,8/13/2024,2074,13,45,0
610,2/24/2024,2/26/2024,6202,19,50,1
611,03/01/2024,03/10/2024,8223,6,11,0
612,05/11/2024,5/24/2024,5793,49,2,0
613,05/04/2024,05/05/2024,9372,39,1,1
614,02/04/2024,2/18/2024,3824,29,41,0
615,2/21/2024,03/01/2024,1111,20,46,0
616,3/25/2024,04/07/2024,795,29,15,1
617,5/16/2024,5/20/2024,618,47,50,0
618,3/30/2024,04/09/2024,409,33,36,0
619,01/02/2024,01/11/2024,334,21,17,0
620,1/14/2024,1/25/2024,7708,45,33,0
621,8/15/2024,8/18/2024,2355,49,12,1
622,4/17/2024,4/21/2024,2829,20,24,0
623,03/12/2024,3/19/2024,3358,6,3,0
624,6/25/2024,07/01/2024,7853,14,40,1
625,06/02/2024,6/14/2024,7851,44,21,1
626,05/10/2024,5/15/2024,8421,29,28,0
627,2/21/2024,03/03/2024,1270,9,8,0
628,3/14/2024,3/27/2024,6546,26,7,1
629,2/17/2024,2/24/2024,3321,12,22,0
630,2/15/2024,2/23/2024,5375,22,1,1
631,06/02/2024,06/06/2024,4732,28,43,1
632,06/10/2024,6/22/2024,8619,2,22,1
633,8/13/2024,8/19/2024,5555,5,36,1
634,4/27/2024,05/11/2024,6117,14,46,1
635,2/20/2024,03/04/2024,2632,7,26,0
636,08/01/2024,08/10/2024,2977,36,33,0
637,6/21/2024,6/30/2024,8635,45,41,1
638,02/08/2024,2/22/2024,3065,46,30,1
639,01/04/2024,01/11/2024,6951,21,20,0
640,8/17/2024,8/28/2024,7003,21,41,1
641,05/08/2024,5/22/2024,67,6,49,0
642,3/17/2024,3/25/2024,4391,21,43,1
643,3/15/2024,3/20/2024,2097,14,38,0
644,2/23/2024,03/03/2024,2838,5,46,1
645,06/08/2024,06/11/2024,6247,40,32,0
646,8/14/2024,8/20/2024,1728,6,46,1
647,5/19/2024,5/21/2024,6022,27,16,0
648,01/01/2024,01/09/2024,3726,28,25,1
649,01/05/2024,01/12/2024,792,25,15,1
650,06/10/2024,6/23/2024,1580,45,38,1
651,7/22/2024,08/02/2024,9088,43,1,0
652,7/15/2024,7/20/2024,3387,15,7,0
653,8/17/2024,8/31/2024,3535,11,35,0
654,7/14/2024,7/26/2024,4145,28,9,1
655,3/24/2024,3/31/2024,2452,6,6,1
656,01/09/2024,1/20/2024,3581,33,36,0
657,07/02/2024,07/11/2024,2583,43,6,1
658,2/22/2024,03/04/2024,7777,40,29,0
659,2/25/2024,03/06/2024,262,3,49,1
660,06/08/2024,06/11/2024,3574,14,22,0
661,04/08/2024,4/15/2024,8933,8,45,1
662,7/20/2024,7/28/2024,8593,6,20,0
663,01/01/2024,01/11/2024,6346,8,29,1
664,5/31/2024,6/14/2024,3822,3,37,1
665,7/17/2024,7/24/2024,423,44,36,0
666,3/19/2024,3/29/2024,6371,26,21,1
667,07/03/2024,07/09/2024,7633,22,40,0
668,1/25/2024,02/01/2024,1322,42,20,1
669,5/26/2024,5/30/2024,7227,6,9,0
670,3/31/2024,4/13/2024,6351,22,42,0
671,07/08/2024,07/11/2024,3913,5,43,1
672,01/08/2024,1/16/2024,5356,5,5,1
673,01/10/2024,1/15/2024,3535,34,36,1
674,01/01/2024,01/07/2024,9943,42,36,0
675,7/13/2024,7/17/2024,9455,45,18,0
676,03/08/2024,3/18/2024,5088,38,20,0
677,1/22/2024,02/03/2024,8300,33,37,0
678,03/05/2024,3/18/2024,7890,45,1,0
679,4/22/2024,4/27/2024,8174,42,2,0
680,3/20/2024,3/25/2024,1506,49,18,1
681,04/04/2024,4/18/2024,793,24,16,1
682,5/24/2024,06/01/2024,3159,17,25,0
683,8/17/2024,8/23/2024,1241,14,22,0
684,07/08/2024,7/21/2024,187,12,6,1
685,2/21/2024,03/05/2024,5058,20,7,1
686,2/26/2024,03/04/2024,3830,11,22,0
687,07/03/2024,07/06/2024,2563,23,4,0
688,01/05/2024,1/13/2024,1859,48,47,0
689,05/08/2024,5/19/2024,8800,15,16,1
690,1/16/2024,1/21/2024,5337,27,35,1
691,06/06/2024,6/19/2024,4287,16,33,1
692,05/01/2024,5/15/2024,1698,38,40,0
693,4/24/2024,05/02/2024,4989,16,25,0
694,01/08/2024,1/19/2024,9660,19,45,0
695,08/06/2024,08/12/2024,4359,6,20,0
696,02/06/2024,2/16/2024,267,15,33,1
697,7/15/2024,7/26/2024,7184,44,11,1
698,07/12/2024,7/13/2024,1624,36,23,0
699,07/10/2024,7/13/2024,1600,23,37,1
700,1/28/2024,02/04/2024,5273,40,26,0
701,5/18/2024,5/23/2024,3581,12,1,0
702,2/24/2024,2/29/2024,8200,20,36,1
703,02/09/2024,2/18/2024,2217,44,24,1
704,1/21/2024,02/04/2024,7574,10,3,1
705,1/14/2024,1/27/2024,3804,16,5,0
706,7/26/2024,7/31/2024,1104,19,33,1
707,01/06/2024,1/19/2024,9918,12,4,0
708,07/10/2024,07/12/2024,3203,21,25,0
709,7/24/2024,7/31/2024,4730,50,4,1
710,6/17/2024,6/27/2024,2308,30,11,0
711,7/25/2024,08/05/2024,4042,43,46,1
712,06/12/2024,6/23/2024,6290,43,33,1
713,8/16/2024,8/18/2024,7417,14,33,0
714,07/08/2024,7/19/2024,753,26,1,1
715,1/31/2024,02/08/2024,4318,16,14,0
716,07/06/2024,7/15/2024,6086,21,11,1
717,7/29/2024,08/11/2024,9030,38,44,0
718,4/29/2024,05/05/2024,8491,48,21,0
719,02/02/2024,02/11/2024,9999,36,22,0
720,07/12/2024,7/14/2024,8961,44,8,1
721,05/08/2024,5/13/2024,2623,10,5,1
722,7/23/2024,08/01/2024,5995,33,25,0
723,1/25/2024,02/01/2024,7994,15,29,0
724,1/15/2024,1/27/2024,7220,29,42,0
725,7/13/2024,7/25/2024,5791,50,7,1
726,01/04/2024,01/10/2024,7501,13,43,0
727,7/13/2024,7/17/2024,8361,2,19,1
728,6/29/2024,07/09/2024,1237,21,36,1
729,6/29/2024,07/06/2024,7274,30,24,1
730,02/07/2024,2/21/2024,6361,22,40,1
731,04/09/2024,04/11/2024,3362,7,33,1
732,06/02/2024,06/04/2024,3514,2,18,0
733,3/28/2024,04/08/2024,1753,47,6,1
734,2/29/2024,03/02/2024,7622,32,7,0
735,7/30/2024,08/04/2024,3436,46,29,0
736,3/14/2024,3/25/2024,8190,37,45,0
737,4/24/2024,4/26/2024,8418,5,14,1
738,07/01/2024,07/12/2024,1178,2,18,1
739,08/02/2024,08/08/2024,4406,37,35,1
740,3/30/2024,04/11/2024,8003,40,34,1
741,06/02/2024,6/14/2024,2993,25,38,0
742,8/16/2024,8/18/2024,8497,31,12,1
743,7/20/2024,08/02/2024,3004,12,39,0
744,08/09/2024,8/15/2024,3284,18,32,0
745,02/04/2024,2/18/2024,4697,23,42,1
746,6/22/2024,07/01/2024,7599,24,6,1
747,2/22/2024,03/01/2024,3715,3,7,1
748,4/18/2024,4/30/2024,9588,18,3,1
749,5/22/2024,5/28/2024,3783,39,29,1
750,7/29/2024,7/31/2024,9105,13,43,0
751,1/18/2024,1/29/2024,2444,47,22,1
752,01/05/2024,01/10/2024,9998,29,33,0
753,2/15/2024,2/17/2024,6427,1,9,1
754,03/01/2024,3/13/2024,133,22,14,0
755,2/26/2024,03/10/2024,5197,50,10,1
756,05/01/2024,05/08/2024,5934,9,43,0
757,3/13/2024,3/26/2024,7905,9,27,1
758,07/07/2024,07/09/2024,7351,5,15,1
759,3/31/2024,4/13/2024,2667,11,44,1
760,04/11/2024,4/15/2024,2254,15,46,1
761,1/29/2024,02/03/2024,248,5,48,0
762,04/04/2024,4/13/2024,8499,17,40,0
763,08/03/2024,8/17/2024,5037,11,14,1
764,05/04/2024,05/07/2024,5039,28,14,0
765,5/31/2024,06/08/2024,9513,41,31,0
766,2/19/2024,2/28/2024,8644,47,34,0
767,08/05/2024,08/06/2024,9321,42,48,1
768,02/11/2024,2/22/2024,9249,49,31,1
769,08/06/2024,08/07/2024,6578,21,48,1
770,1/26/2024,1/31/2024,7513,27,23,1
771,06/03/2024,06/04/2024,4573,32,30,0
772,6/30/2024,07/02/2024,3614,18,30,0
773,05/06/2024,05/12/2024,4325,7,18,1
774,6/21/2024,6/26/2024,351,45,8,0
775,03/01/2024,03/02/2024,3000,26,43,0
776,05/01/2024,05/10/2024,5941,13,15,1
777,5/28/2024,5/30/2024,5931,13,2,1
778,08/11/2024,8/21/2024,6725,27,49,0
779,06/07/2024,06/10/2024,246,13,11,1
780,04/08/2024,4/14/2024,1907,50,19,1
781,02/12/2024,2/26/2024,1887,3,4,0
782,08/09/2024,8/18/2024,3448,8,17,0
783,4/21/2024,4/23/2024,6972,17,41,0
784,07/02/2024,7/13/2024,3240,25,34,0
785,5/29/2024,06/05/2024,8010,4,22,1
786,2/26/2024,03/08/2024,5611,37,16,0
787,2/19/2024,03/02/2024,9923,19,2,1
788,1/30/2024,02/08/2024,4474,35,32,0
789,4/28/2024,4/29/2024,7393,17,43,1
790,4/14/2024,4/23/2024,9768,22,13,0
791,05/03/2024,05/04/2024,6649,14,42,0
792,05/06/2024,5/13/2024,1927,11,36,1
793,4/13/2024,4/21/2024,8176,13,5,1
794,08/10/2024,8/17/2024,1995,19,6,0
795,05/05/2024,5/16/2024,5464,29,32,1
796,3/18/2024,3/21/2024,87,40,2,0
797,03/09/2024,3/18/2024,9497,35,14,0
798,02/07/2024,2/15/2024,7122,46,8,1
799,3/22/2024,3/24/2024,3309,20,13,0
800,3/26/2024,3/28/2024,4271,45,4,1
801,05/11/2024,5/13/2024,9516,17,11,0
802,1/21/2024,02/04/2024,9481,3,16,0
803,3/24/2024,3/25/2024,4451,45,29,1
804,2/21/2024,03/05/2024,6981,39,41,1
805,2/29/2024,03/08/2024,5564,25,38,1
806,4/17/2024,4/27/2024,5492,1,19,1
807,08/07/2024,8/14/2024,1393,17,21,0
808,5/22/2024,5/25/2024,5064,43,1,0
809,1/19/2024,1/21/2024,3579,43,45,0
810,5/21/2024,5/23/2024,4317,41,8,1
811,07/03/2024,07/09/2024,6922,27,50,1
812,8/13/2024,8/27/2024,6546,1,36,0
813,4/14/2024,4/27/2024,5851,6,43,1
814,7/22/2024,7/30/2024,1028,36,4,0
815,5/28/2024,06/10/2024,273,27,11,1
816,08/03/2024,08/09/2024,9830,5,24,0
817,7/26/2024,7/27/2024,6627,40,13,0
818,4/21/2024,05/02/2024,2060,36,34,1
819,08/11/2024,8/25/2024,1182,48,18,1
820,6/28/2024,07/04/2024,3046,32,2,0
821,3/21/2024,04/01/2024,845,50,28,1
822,04/05/2024,4/19/2024,725,44,1,0
823,1/21/2024,1/27/2024,2720,25,49,0
824,01/12/2024,1/17/2024,3778,21,49,1
825,4/18/2024,4/26/2024,5552,26,38,1
826,02/04/2024,2/14/2024,9055,26,8,1
827,05/04/2024,05/08/2024,3389,49,35,0
828,7/18/2024,08/01/2024,5718,30,43,1
829,03/08/2024,3/13/2024,3980,5,20,0
830,7/15/2024,7/29/2024,9657,4,42,1
831,02/02/2024,2/14/2024,7127,15,14,0
832,4/25/2024,05/08/2024,511,13,23,1
833,6/23/2024,07/07/2024,9704,47,24,1
834,02/12/2024,2/23/2024,5437,46,41,0
835,07/05/2024,07/10/2024,6651,5,20,1
836,1/17/2024,1/20/2024,4785,13,33,0
837,6/16/2024,6/25/2024,7021,12,3,0
838,1/19/2024,1/23/2024,4535,3,49,0
839,01/05/2024,01/12/2024,1095,33,14,1
840,3/23/2024,3/24/2024,2299,16,27,1
841,01/08/2024,1/20/2024,9178,25,31,1
842,7/22/2024,7/27/2024,6795,42,36,1
843,2/27/2024,2/29/2024,502,38,50,1
844,1/26/2024,1/27/2024,4134,29,47,1
845,3/26/2024,04/06/2024,1113,22,15,0
846,6/26/2024,07/07/2024,1954,30,47,0
847,06/01/2024,06/06/2024,8883,12,7,0
848,5/27/2024,06/05/2024,1019,8,34,0
849,1/28/2024,1/30/2024,4447,12,27,1
850,08/07/2024,8/17/2024,4328,35,26,1
851,05/01/2024,05/10/2024,2102,7,15,0
852,07/03/2024,07/12/2024,766,17,37,1
853,2/27/2024,03/10/2024,1367,22,7,0
854,07/12/2024,7/16/2024,8391,35,47,1
855,02/05/2024,2/16/2024,2247,38,10,0
856,04/09/2024,04/11/2024,7504,45,11,1
857,7/18/2024,7/22/2024,1471,7,50,0
858,04/08/2024,4/17/2024,1765,37,12,1
859,07/03/2024,07/06/2024,4121,45,31,1
860,1/20/2024,1/26/2024,9263,49,44,0
861,3/23/2024,04/06/2024,835,25,7,0
862,7/16/2024,7/23/2024,5114,33,41,0
863,4/20/2024,05/02/2024,7650,43,34,0
864,04/04/2024,04/11/2024,6962,31,37,1
865,7/16/2024,7/30/2024,8707,48,30,1
866,1/31/2024,02/12/2024,4719,16,28,1
867,3/26/2024,04/05/2024,3608,19,49,0
868,01/02/2024,01/10/2024,2767,16,29,0
869,5/31/2024,06/10/2024,3807,11,16,1
870,05/10/2024,5/14/2024,8168,37,35,1
871,1/31/2024,02/04/2024,7442,37,42,0
872,1/15/2024,1/17/2024,4153,48,40,0
873,02/09/2024,2/14/2024,5179,49,7,0
874,05/11/2024,5/14/2024,3911,42,9,0
875,5/29/2024,5/30/2024,1410,25,9,1
876,04/05/2024,4/13/2024,1783,8,20,0
877,2/29/2024,3/14/2024,2249,47,46,0
878,5/22/2024,5/29/2024,7044,8,42,0
879,02/12/2024,2/20/2024,1524,32,12,0
880,07/06/2024,7/17/2024,2208,33,8,1
881,3/24/2024,04/05/2024,3614,36,31,0
882,08/09/2024,08/11/2024,9260,10,28,0
883,6/29/2024,6/30/2024,7218,43,7,1
884,4/23/2024,05/07/2024,423,13,42,1
885,02/07/2024,2/15/2024,1508,45,26,0
886,06/09/2024,6/17/2024,8625,10,5,0
887,01/08/2024,1/13/2024,622,9,49,0
888,3/13/2024,3/14/2024,4882,17,28,1
889,01/10/2024,1/13/2024,5697,9,10,0
890,05/11/2024,5/19/2024,6794,36,12,1
891,5/25/2024,06/07/2024,1962,3,42,1
892,7/21/2024,7/25/2024,640,19,29,1
893,02/03/2024,02/04/2024,392,8,23,0
894,4/26/2024,4/27/2024,4329,44,4,1
895,7/20/2024,7/26/2024,8461,49,13,0
896,1/29/2024,02/03/2024,7421,37,28,0
897,8/14/2024,8/18/2024,23,44,33,1
898,05/05/2024,05/07/2024,4538,32,10,0
899,1/30/2024,2/13/2024,3498,22,29,1
900,6/27/2024,07/03/2024,1485,23,23,0
901,04/07/2024,04/08/2024,9241,14,15,0
902,08/05/2024,8/14/2024,8927,36,16,1
903,02/03/2024,2/13/2024,8862,2,8,0
904,01/09/2024,01/10/2024,9177,39,21,0
905,7/26/2024,08/03/2024,6486,16,32,0
906,05/12/2024,5/20/2024,7559,38,40,1
907,1/25/2024,1/30/2024,761,46,24,0
908,4/29/2024,5/13/2024,9260,15,42,0
909,01/11/2024,1/14/2024,6997,31,27,1
910,6/17/2024,6/18/2024,7495,40,33,0
911,01/11/2024,1/19/2024,5609,19,17,1
912,08/02/2024,08/10/2024,6262,22,27,1
913,1/23/2024,1/24/2024,3119,47,41,1
914,8/15/2024,8/25/2024,8252,28,33,1
915,7/29/2024,08/03/2024,87,13,44,1
916,06/06/2024,6/15/2024,8554,25,21,0
917,02/07/2024,2/18/2024,3323,20,20,1
918,7/25/2024,7/26/2024,8890,35,11,0
919,6/29/2024,7/13/2024,359,12,50,1
920,1/22/2024,02/05/2024,59,11,29,1
921,3/30/2024,3/31/2024,3637,40,26,1
922,4/15/2024,4/16/2024,214,17,23,1
923,08/02/2024,08/10/2024,5016,36,4,1
924,02/05/2024,2/15/2024,3517,12,3,1
925,3/23/2024,3/28/2024,6654,37,43,0
926,02/06/2024,02/08/2024,6070,6,41,0
927,6/13/2024,6/19/2024,9488,14,9,0
928,5/22/2024,06/02/2024,864,49,34,0
929,7/25/2024,08/07/2024,8606,48,23,0
930,04/04/2024,04/06/2024,8210,16,39,1
931,01/01/2024,01/03/2024,2276,43,10,0
932,01/01/2024,01/05/2024,8911,8,21,0
933,5/30/2024,06/07/2024,2612,49,23,0
934,01/04/2024,1/16/2024,7927,46,31,0
935,3/30/2024,04/01/2024,769,15,16,1
936,1/16/2024,1/18/2024,1940,41,30,0
937,7/31/2024,08/02/2024,2422,29,32,1
938,2/28/2024,03/06/2024,9485,27,46,1
939,3/22/2024,04/04/2024,7892,21,33,0
940,7/27/2024,08/08/2024,323,17,35,0
941,03/01/2024,03/05/2024,5214,40,41,1
942,7/19/2024,7/21/2024,3155,21,9,0
943,5/30/2024,06/06/2024,4056,12,33,1
944,1/14/2024,1/24/2024,4964,24,43,0
945,7/24/2024,7/25/2024,1414,20,50,0
946,6/30/2024,07/04/2024,9978,7,36,0
947,1/29/2024,02/08/2024,2980,32,1,1
948,04/08/2024,04/11/2024,4187,16,24,0
949,02/11/2024,2/13/2024,9394,49,33,0
950,3/20/2024,3/26/2024,8221,36,27,0
951,02/06/2024,02/11/2024,6896,11,39,0
952,6/30/2024,7/14/2024,9613,39,34,0
953,8/16/2024,8/28/2024,842,43,15,1
954,5/19/2024,5/24/2024,8666,11,31,1
955,5/21/2024,06/02/2024,4337,46,40,1
956,02/01/2024,02/10/2024,3400,15,42,1
957,6/17/2024,6/19/2024,4712,4,47,1
958,3/18/2024,3/19/2024,7695,47,41,0
959,4/23/2024,4/27/2024,4108,12,17,1
960,03/04/2024,3/18/2024,1968,16,13,1
961,04/08/2024,4/21/2024,3771,2,40,0
962,8/17/2024,8/29/2024,4422,30,25,1
963,06/04/2024,06/08/2024,8640,45,26,1
964,02/01/2024,2/15/2024,6118,20,12,1
965,4/19/2024,4/30/2024,8779,26,7,1
966,3/16/2024,3/26/2024,464,20,31,1
967,1/18/2024,1/24/2024,2144,41,8,0
968,3/13/2024,3/16/2024,5364,11,9,1
969,3/14/2024,3/20/2024,3848,20,19,1
970,5/26/2024,5/28/2024,658,41,9,1
971,04/05/2024,4/16/2024,8078,44,38,1
972,05/03/2024,05/12/2024,6682,22,37,1
973,07/08/2024,7/17/2024,3084,6,39,1
974,04/04/2024,04/06/2024,505,15,44,0
975,07/04/2024,07/11/2024,5655,21,20,0
976,1/21/2024,1/28/2024,2466,38,5,0
977,7/31/2024,08/06/2024,1854,13,21,0
978,01/07/2024,01/12/2024,8542,26,42,0
979,5/27/2024,06/03/2024,4347,27,8,1
980,03/12/2024,3/25/2024,2594,33,27,0
981,04/09/2024,4/18/2024,260,49,13,1
982,4/29/2024,05/11/2024,4126,19,5,1
983,06/10/2024,06/11/2024,3194,17,27,0
984,5/18/2024,5/25/2024,5549,32,42,0
985,05/06/2024,5/16/2024,9566,18,7,1
986,5/27/2024,5/29/2024,6993,39,3,1
987,7/14/2024,7/22/2024,6202,38,12,1
988,1/18/2024,1/23/2024,9235,7,20,0
989,3/17/2024,3/18/2024,9043,43,16,1
990,2/28/2024,03/12/2024,1708,16,11,1
991,08/03/2024,08/06/2024,5165,47,38,1
992,4/14/2024,4/20/2024,2991,6,5,1
993,5/14/2024,5/28/2024,2049,27,5,1
994,4/28/2024,05/12/2024,686,47,18,1
995,3/31/2024,04/07/2024,4768,6,23,1
996,4/15/2024,4/22/2024,5642,38,33,1
997,3/19/2024,3/24/2024,7506,16,23,1
998,08/06/2024,8/15/2024,2175,38,40,1
999,02/09/2024,2/20/2024,4962,4,3,1
1000,4/29/2024,05/11/2024,5763,49,31,0
1001,06/10/2024,6/17/2024,3585,35,29,1
1002,08/02/2024,08/04/2024,9770,27,3,1
1003,6/25/2024,07/06/2024,7573,26,27,0
1004,4/17/2024,4/18/2024,9865,9,6,1
1005,5/18/2024,5/23/2024,9114,10,41,0
1006,7/30/2024,08/05/2024,3330,24,37,1
1007,4/30/2024,05/06/2024,1666,11,1,1
1008,4/17/2024,4/28/2024,5384,32,14,0
1009,5/24/2024,06/03/2024,2428,37,29,1
1010,05/09/2024,5/13/2024,291,29,49,0
1011,03/03/2024,03/10/2024,4061,25,8,0
1012,08/10/2024,8/14/2024,5918,2,36,1
1013,02/08/2024,2/20/2024,5910,17,41,0
1014,2/20/2024,2/23/2024,228,40,45,1
1015,4/24/2024,4/26/2024,8346,36,49,0
1016,1/18/2024,1/19/2024,5823,21,50,1
1017,4/14/2024,4/17/2024,8712,5,24,0
1018,5/13/2024,5/24/2024,8138,45,32,1
1019,08/01/2024,8/14/2024,3543,9,3,0
1020,4/23/2024,05/02/2024,9484,22,38,0
1021,2/20/2024,03/03/2024,373,13,30,1
1022,7/16/2024,7/29/2024,719,20,26,1
1023,01/05/2024,01/06/2024,5318,3,50,0
1024,2/23/2024,03/02/2024,5923,32,1,1
1025,2/25/2024,03/03/2024,5610,14,43,0
1026,08/12/2024,8/14/2024,4989,30,40,1
1027,3/28/2024,04/04/2024,2717,15,41,0
1028,08/05/2024,08/12/2024,2944,13,21,1
1029,6/25/2024,07/02/2024,3576,14,30,0
1030,06/11/2024,6/18/2024,3527,8,26,1
1031,4/30/2024,05/04/2024,2107,3,18,1
1032,8/16/2024,8/19/2024,6917,20,1,0
1033,2/29/2024,03/12/2024,3738,19,14,1
1034,06/09/2024,06/11/2024,89,23,46,1
1035,6/30/2024,07/08/2024,21,8,23,0
1036,3/26/2024,04/01/2024,2970,49,49,1
1037,01/02/2024,01/09/2024,4896,15,3,1
1038,2/26/2024,03/06/2024,3591,48,16,0
1039,3/14/2024,3/16/2024,8826,8,34,0
1040,08/12/2024,8/22/2024,4546,34,42,1
1041,01/06/2024,01/11/2024,6468,38,34,1
1042,02/03/2024,02/06/2024,2910,1,8,1
1043,4/30/2024,5/13/2024,607,32,1,1
1044,1/15/2024,1/17/2024,7959,45,26,1
1045,02/07/2024,2/14/2024,4601,8,32,0
1046,05/03/2024,5/14/2024,8634,25,8,0
1047,06/05/2024,06/11/2024,2826,2,6,1
1048,4/24/2024,4/29/2024,4922,10,50,1
1049,07/09/2024,7/20/2024,1863,35,9,1
1050,4/25/2024,05/07/2024,6563,38,12,0
1051,08/01/2024,08/09/2024,6611,3,16,1
1052,07/06/2024,07/11/2024,2471,44,1,1
1053,06/10/2024,6/24/2024,3908,30,28,1
1054,1/27/2024,02/04/2024,460,45,3,1
1055,08/07/2024,8/15/2024,2177,5,44,0
1056,2/22/2024,03/06/2024,5497,2,13,0
1057,8/14/2024,8/16/2024,6381,43,44,0
1058,02/01/2024,02/02/2024,8749,38,21,0
1059,8/16/2024,8/23/2024,110,15,13,1
1060,07/05/2024,07/07/2024,9191,48,1,1
1061,5/21/2024,5/23/2024,5940,35,47,1
1062,08/05/2024,8/17/2024,1691,9,23,0
1063,4/24/2024,4/26/2024,2472,11,30,0
1064,03/02/2024,03/08/2024,7601,47,47,1
1065,6/29/2024,07/07/2024,9782,44,43,0
1066,07/11/2024,7/15/2024,9876,10,46,0
1067,02/01/2024,02/07/2024,9619,39,29,0
1068,04/05/2024,04/10/2024,4108,8,6,1
1069,5/17/2024,5/29/2024,9622,43,35,1
1070,05/02/2024,05/05/2024,2119,34,28,0
1071,7/28/2024,08/09/2024,4902,5,46,1
1072,6/17/2024,6/21/2024,7344,41,31,0
1073,08/08/2024,8/16/2024,8420,19,37,0
1074,3/17/2024,3/22/2024,2029,43,10,0
1075,07/05/2024,7/18/2024,9407,23,9,1
1076,4/19/2024,4/26/2024,5996,42,5,1
1077,2/20/2024,03/02/2024,8379,40,34,1
1078,5/16/2024,5/18/2024,5393,5,32,1
1079,5/13/2024,5/24/2024,4780,22,45,1
1080,4/13/2024,4/22/2024,3748,39,8,0
1081,06/06/2024,06/10/2024,8880,12,46,0
1082,04/06/2024,04/08/2024,7911,41,40,1
1083,04/11/2024,4/20/2024,9227,3,28,1
1084,1/13/2024,1/25/2024,9235,5,16,1
1085,1/15/2024,1/22/2024,9659,23,43,1
1086,8/14/2024,8/17/2024,3583,40,19,1
1087,07/02/2024,07/11/2024,4953,29,47,1
1088,4/22/2024,4/26/2024,9438,44,11,1
1089,1/20/2024,1/30/2024,177,7,24,1
1090,07/08/2024,07/12/2024,7166,47,34,0
1091,08/04/2024,08/12/2024,410,5,50,1
1092,6/13/2024,6/17/2024,9975,41,18,0
1093,1/24/2024,1/27/2024,3680,19,18,1
1094,6/17/2024,6/25/2024,5641,48,33,0
1095,4/22/2024,05/03/2024,6206,21,49,1
1096,2/24/2024,03/07/2024,6194,29,43,1
1097,08/12/2024,8/17/2024,5130,39,47,0
1098,2/27/2024,03/09/2024,4850,37,26,0
1099,8/19/2024,8/20/2024,9469,30,25,1
1100,03/05/2024,3/14/2024,4313,23,30,1
1101,08/06/2024,08/07/2024,2896,44,32,1
1102,2/27/2024,03/09/2024,7239,22,43,1
1103,07/04/2024,7/13/2024,1939,35,41,1
1104,01/08/2024,1/15/2024,8895,35,7,0
1105,7/17/2024,7/18/2024,7255,40,21,0
1106,8/15/2024,8/19/2024,5043,3,18,1
1107,8/16/2024,8/22/2024,3021,24,13,0
1108,2/18/2024,2/29/2024,9002,41,48,1
1109,08/11/2024,8/23/2024,2548,41,38,0
1110,2/22/2024,2/28/2024,9506,12,16,1
1111,2/28/2024,03/05/2024,9685,27,12,1
1112,07/03/2024,07/10/2024,2115,41,21,1
1113,06/06/2024,6/19/2024,5652,27,34,1
1114,7/18/2024,7/30/2024,4541,25,23,0
1115,02/04/2024,02/06/2024,2913,30,17,1
1116,5/14/2024,5/18/2024,4984,24,25,1
1117,3/14/2024,3/15/2024,8757,45,12,1
1118,3/24/2024,04/07/2024,8519,50,48,0
1119,6/20/2024,6/21/2024,6009,35,12,0
1120,07/12/2024,7/24/2024,7856,25,8,0
1121,7/18/2024,7/23/2024,7838,2,18,0
1122,1/31/2024,02/07/2024,9676,37,9,0
1123,1/14/2024,1/28/2024,6592,15,37,0
1124,07/05/2024,7/18/2024,4716,41,30,1
1125,1/13/2024,1/22/2024,8616,2,17,1
1126,3/22/2024,04/05/2024,6598,11,27,0
1127,6/15/2024,6/19/2024,3942,17,39,0
1128,04/03/2024,04/07/2024,2887,36,24,0
1129,8/18/2024,8/20/2024,1170,31,35,1
1130,2/29/2024,03/03/2024,9906,6,43,1
1131,02/03/2024,02/12/2024,7042,29,9,0
1132,7/19/2024,7/21/2024,7778,29,7,1
1133,2/25/2024,2/27/2024,3535,6,21,0
1134,08/12/2024,8/16/2024,7172,49,29,0
1135,04/02/2024,04/08/2024,3004,34,17,0
1136,2/27/2024,2/28/2024,5005,45,47,0
1137,06/12/2024,6/18/2024,8016,8,4,0
1138,08/01/2024,08/04/2024,8350,15,21,0
1139,03/06/2024,3/19/2024,703,44,3,0
1140,01/07/2024,1/21/2024,681,39,35,0
1141,08/02/2024,8/16/2024,5747,29,32,1
1142,6/25/2024,07/06/2024,1070,43,4,0
1143,03/11/2024,3/21/2024,1272,35,47,1
1144,06/03/2024,06/05/2024,1448,12,10,1
1145,5/18/2024,5/27/2024,8107,17,1,0
1146,7/26/2024,08/05/2024,2239,35,35,1
1147,6/30/2024,07/03/2024,2611,20,20,1
1148,5/31/2024,06/11/2024,7485,37,30,0
1149,06/03/2024,06/12/2024,5486,3,11,1
1150,6/20/2024,07/02/2024,8997,36,10,0
1151,6/15/2024,6/23/2024,2105,41,34,0
1152,07/09/2024,7/20/2024,3174,44,27,1
1153,01/03/2024,01/07/2024,4142,2,33,1
1154,2/25/2024,03/10/2024,2886,25,27,0
1155,07/02/2024,7/15/2024,4273,41,15,1
1156,3/25/2024,3/27/2024,6427,25,42,1
1157,5/15/2024,5/25/2024,3275,14,26,1
1158,7/17/2024,7/26/2024,5835,39,44,0
1159,4/15/2024,4/25/2024,8415,1,28,0
1160,5/14/2024,5/27/2024,4381,15,16,1
1161,8/17/2024,8/20/2024,18,5,10,1
1162,5/31/2024,06/10/2024,2024,30,28,0
1163,06/04/2024,06/09/2024,9360,18,3,0
1164,4/27/2024,4/29/2024,2455,39,23,0
1165,6/25/2024,6/28/2024,2778,37,29,1
1166,2/21/2024,2/28/2024,1098,14,48,0
1167,08/09/2024,8/19/2024,6456,23,33,0
1168,5/28/2024,06/02/2024,717,29,4,1
1169,04/05/2024,04/08/2024,8414,3,42,1
1170,02/03/2024,02/08/2024,7693,9,31,1
1171,04/11/2024,4/15/2024,6375,33,6,0
1172,1/16/2024,1/25/2024,7574,39,20,0
1173,4/21/2024,4/22/2024,2121,17,17,0
1174,1/21/2024,1/25/2024,4300,7,29,0
1175,08/10/2024,8/14/2024,5363,29,28,0
1176,01/09/2024,1/23/2024,1960,31,45,0
1177,08/05/2024,08/06/2024,8094,2,34,1
1178,2/15/2024,2/26/2024,5814,38,44,0
1179,7/24/2024,7/27/2024,3504,28,44,1
1180,04/10/2024,4/20/2024,8040,19,5,1
1181,5/24/2024,5/29/2024,5179,23,36,1
1182,07/10/2024,7/15/2024,9888,33,3,0
1183,3/19/2024,3/21/2024,9307,13,6,0
1184,6/30/2024,07/07/2024,8400,38,35,1
1185,02/12/2024,2/20/2024,1485,36,34,0
1186,7/16/2024,7/18/2024,7582,5,27,1
1187,6/29/2024,07/04/2024,1060,8,13,1
1188,2/29/2024,03/06/2024,9357,16,8,0
1189,05/11/2024,5/22/2024,492,24,4,1
1190,02/10/2024,2/15/2024,7644,48,32,1
1191,3/31/2024,04/10/2024,167,10,4,1
1192,06/03/2024,6/17/2024,6291,16,42,0
1193,1/27/2024,1/31/2024,905,45,11,1
1194,5/27/2024,06/05/2024,6204,15,41,0
1195,5/20/2024,06/03/2024,8624,48,30,1
1196,07/09/2024,7/17/2024,8161,30,38,1
1197,6/26/2024,07/07/2024,3041,34,39,1
1198,4/23/2024,05/01/2024,8948,37,17,0
1199,01/02/2024,01/08/2024,3643,28,5,0
1200,1/24/2024,1/28/2024,3002,4,31,1
1201,04/12/2024,4/26/2024,5151,14,6,1
1202,6/26/2024,6/29/2024,8372,31,14,0
1203,02/02/2024,2/16/2024,8502,20,24,0
1204,7/13/2024,7/15/2024,7790,41,27,0
1205,05/07/2024,5/20/2024,7773,31,14,0
1206,01/09/2024,01/12/2024,7361,3,27,1
1207,7/16/2024,7/22/2024,758,12,30,1
1208,2/29/2024,3/13/2024,4621,37,4,0
1209,04/05/2024,04/08/2024,4349,14,27,0
1210,2/26/2024,03/08/2024,4496,2,10,1
1211,06/05/2024,6/13/2024,2225,17,36,1
1212,04/12/2024,4/24/2024,1165,38,35,0
1213,02/09/2024,02/10/2024,8585,10,8,0
1214,1/25/2024,1/28/2024,2593,18,49,0
1215,2/17/2024,03/02/2024,8885,12,36,0
1216,03/11/2024,3/16/2024,1055,6,29,1
1217,03/08/2024,3/18/2024,4702,5,28,1
1218,6/24/2024,07/06/2024,9823,42,49,1
1219,5/16/2024,5/19/2024,664,11,12,1
1220,7/14/2024,7/22/2024,7441,11,50,1
1221,6/18/2024,6/25/2024,2643,46,37,0
1222,5/15/2024,5/28/2024,3549,23,4,1
1223,06/11/2024,6/23/2024,7406,1,34,1
1224,2/25/2024,03/04/2024,7918,14,19,0
1225,04/12/2024,4/20/2024,9512,34,36,0
1226,6/30/2024,07/01/2024,1575,20,19,1
1227,4/28/2024,05/03/2024,7786,37,49,0
1228,08/06/2024,08/09/2024,1192,24,2,1
1229,1/17/2024,1/26/2024,3885,20,38,1
1230,8/13/2024,8/17/2024,8649,37,24,0
1231,08/10/2024,08/12/2024,1724,29,18,0
1232,1/15/2024,1/29/2024,9466,42,9,1
1233,5/28/2024,06/06/2024,3728,31,27,0
1234,6/17/2024,6/26/2024,5154,43,4,0
1235,06/08/2024,06/09/2024,3446,32,34,1
1236,5/14/2024,5/26/2024,8759,25,11,0
1237,1/26/2024,1/30/2024,1585,8,8,1
1238,06/08/2024,6/13/2024,9750,31,32,1
1239,07/03/2024,07/06/2024,4217,45,27,1
1240,2/18/2024,2/24/2024,2228,4,8,0
1241,02/10/2024,2/17/2024,5520,22,2,1
1242,06/11/2024,6/14/2024,8155,32,47,1
1243,03/06/2024,3/13/2024,5677,12,24,1
1244,03/03/2024,03/05/2024,1136,47,3,1
1245,3/13/2024,3/18/2024,4447,23,18,0
1246,7/25/2024,08/05/2024,9141,17,47,1
1247,05/02/2024,5/14/2024,9472,4,8,0
1248,01/02/2024,1/15/2024,3106,19,10,1
1249,2/27/2024,03/10/2024,2515,20,16,0
1250,08/02/2024,8/14/2024,45,42,36,0
1251,4/22/2024,4/28/2024,7642,25,19,0
1252,03/08/2024,3/15/2024,1798,37,3,0
1253,3/23/2024,04/04/2024,3436,3,13,0
1254,02/08/2024,2/19/2024,5982,3,16,0
1255,3/22/2024,3/23/2024,7725,40,28,1
1256,5/28/2024,06/02/2024,1716,20,40,1
1257,04/11/2024,4/17/2024,5409,1,21,1
1258,2/18/2024,03/03/2024,4444,44,44,1
1259,4/19/2024,4/22/2024,5216,43,26,0
1260,02/02/2024,02/12/2024,376,4,47,1
1261,2/14/2024,2/25/2024,1487,43,13,0
1262,7/28/2024,08/11/2024,3324,27,3,0
1263,2/14/2024,2/22/2024,6467,44,33,1
1264,4/16/2024,4/17/2024,454,21,38,0
1265,6/19/2024,07/03/2024,9921,37,9,0
1266,06/01/2024,06/10/2024,7910,3,11,1
1267,07/02/2024,07/12/2024,6226,39,32,1
1268,3/20/2024,3/29/2024,2916,3,13,0
1269,3/18/2024,3/23/2024,6626,25,1,1
1270,7/15/2024,7/22/2024,6801,18,25,1
1271,6/21/2024,6/24/2024,2289,39,25,1
1272,02/07/2024,2/14/2024,8125,41,38,1
1273,6/20/2024,6/30/2024,3715,20,47,0
1274,7/14/2024,7/22/2024,9992,30,18,0
1275,07/12/2024,7/14/2024,7429,40,35,0
1276,04/10/2024,4/16/2024,2664,13,11,1
1277,04/11/2024,4/19/2024,4081,5,29,1
1278,02/11/2024,2/18/2024,6192,25,5,0
1279,01/10/2024,1/18/2024,8393,26,35,1
1280,2/19/2024,2/29/2024,2356,14,41,0
1281,2/29/2024,03/08/2024,7823,47,36,1
1282,05/03/2024,5/16/2024,7379,29,14,1
1283,7/22/2024,7/30/2024,592,31,27,1
1284,6/24/2024,07/08/2024,1556,49,24,0
1285,02/10/2024,2/24/2024,4122,14,43,1
1286,3/26/2024,04/04/2024,1537,18,47,0
1287,07/01/2024,07/06/2024,2583,48,37,0
1288,6/29/2024,07/11/2024,815,33,39,0
1289,5/27/2024,06/08/2024,9857,50,24,0
1290,01/06/2024,1/18/2024,7256,13,39,0
1291,6/29/2024,07/05/2024,7799,44,11,0
1292,07/09/2024,7/20/2024,3560,11,8,1
1293,08/01/2024,8/15/2024,6848,22,34,0
1294,8/17/2024,8/23/2024,7207,1,45,1
1295,1/20/2024,1/30/2024,1413,41,15,1
1296,01/04/2024,01/07/2024,3990,19,17,0
1297,08/09/2024,08/11/2024,1901,48,33,0
1298,4/13/2024,4/18/2024,3660,16,23,1
1299,1/30/2024,02/02/2024,9483,24,29,1
1300,1/31/2024,02/04/2024,8324,37,48,1
1301,05/04/2024,05/06/2024,4823,26,14,1
1302,07/03/2024,07/06/2024,2005,35,42,1
1303,05/05/2024,5/18/2024,4468,8,28,1
1304,5/28/2024,5/30/2024,165,40,15,1
1305,04/08/2024,4/16/2024,7668,5,43,0
1306,3/29/2024,3/31/2024,9151,9,10,1
1307,2/23/2024,03/05/2024,6801,38,1,1
1308,05/06/2024,05/12/2024,9820,3,7,0
1309,1/14/2024,1/28/2024,3359,8,31,0
1310,5/13/2024,5/22/2024,8427,34,11,1
1311,1/25/2024,02/01/2024,3698,7,38,0
1312,04/02/2024,04/12/2024,5184,46,34,1
1313,08/01/2024,08/07/2024,1963,1,12,0
1314,7/29/2024,7/31/2024,6143,6,46,1
1315,2/24/2024,2/28/2024,9719,8,46,0
1316,1/13/2024,1/26/2024,4394,25,50,0
1317,4/22/2024,4/27/2024,6226,19,16,0
1318,01/09/2024,1/15/2024,4767,23,44,0
1319,08/07/2024,8/15/2024,7437,10,35,0
1320,6/17/2024,6/23/2024,1722,7,13,1
1321,03/10/2024,3/20/2024,8848,24,33,1
1322,6/23/2024,6/28/2024,3743,27,1,0
1323,06/05/2024,06/08/2024,6095,2,34,0
1324,05/04/2024,05/10/2024,5568,2,43,1
1325,6/20/2024,6/25/2024,5472,18,45,0
1326,03/07/2024,03/11/2024,4715,29,14,0
1327,06/10/2024,6/18/2024,761,45,29,0
1328,02/06/2024,2/19/2024,1642,15,4,0
1329,04/09/2024,4/20/2024,3695,30,24,0
1330,07/04/2024,07/10/2024,1522,36,28,0
1331,03/06/2024,3/17/2024,6352,7,2,1
1332,1/21/2024,1/29/2024,4286,48,4,1
1333,3/13/2024,3/17/2024,9168,10,48,1
1334,1/21/2024,02/01/2024,8036,38,38,1
1335,7/30/2024,08/01/2024,4106,14,18,1
1336,7/24/2024,7/25/2024,1463,49,12,1
1337,1/26/2024,1/27/2024,5381,49,12,1
1338,4/13/2024,4/15/2024,8792,31,37,0
1339,6/20/2024,6/21/2024,7806,38,21,0
1340,5/16/2024,5/29/2024,2236,38,4,0
1341,1/18/2024,1/31/2024,710,25,5,0
1342,5/16/2024,5/25/2024,1592,26,27,0
1343,07/03/2024,07/04/2024,9170,8,17,0
1344,07/07/2024,7/20/2024,8766,15,1,0
1345,02/09/2024,2/19/2024,7080,22,19,0
1346,4/17/2024,4/18/2024,2299,41,27,0
1347,01/03/2024,1/13/2024,4982,23,7,0
1348,04/12/2024,4/19/2024,9849,39,27,0
1349,06/09/2024,6/17/2024,2226,35,32,0
1350,6/28/2024,6/30/2024,6884,17,37,1
1351,1/27/2024,02/02/2024,3163,13,1,1
1352,4/24/2024,05/07/2024,8507,31,11,0
1353,08/07/2024,08/10/2024,8210,5,46,0
1354,7/14/2024,7/23/2024,1981,14,2,1
1355,2/21/2024,03/06/2024,1090,39,21,0
1356,2/13/2024,2/25/2024,427,33,6,1
1357,03/02/2024,03/07/2024,8901,49,21,1
1358,04/07/2024,04/08/2024,4445,28,34,1
1359,5/17/2024,5/23/2024,8678,18,21,0
1360,5/19/2024,5/21/2024,3806,24,7,0
1361,04/12/2024,4/23/2024,3206,30,19,1
1362,01/06/2024,01/10/2024,7380,24,38,0
1363,6/21/2024,07/04/2024,5012,45,31,1
1364,5/19/2024,5/29/2024,1052,17,18,0
1365,3/22/2024,3/28/2024,4116,49,25,1
1366,03/12/2024,3/15/2024,3915,37,27,0
1367,03/11/2024,3/21/2024,3475,3,10,1
1368,06/07/2024,6/13/2024,9010,28,39,1
1369,7/30/2024,08/08/2024,6969,41,41,0
1370,07/11/2024,7/24/2024,5143,35,38,0
1371,3/27/2024,3/28/2024,99,38,12,0
1372,7/19/2024,7/24/2024,1287,33,8,0
1373,01/08/2024,1/21/2024,4000,10,9,0
1374,07/05/2024,07/11/2024,707,25,47,0
1375,07/03/2024,07/12/2024,4391,34,35,0
1376,2/24/2024,2/25/2024,6402,2,13,0
1377,02/03/2024,2/14/2024,9065,43,15,0
1378,4/23/2024,4/24/2024,63,41,46,1
1379,01/10/2024,01/11/2024,369,3,22,1
1380,8/15/2024,8/29/2024,3794,6,20,0
1381,1/23/2024,1/25/2024,2650,31,47,0
1382,1/20/2024,1/22/2024,2617,8,7,1
1383,1/18/2024,1/21/2024,7680,27,19,1
1384,08/08/2024,8/18/2024,985,34,20,0
1385,01/02/2024,01/07/2024,3659,50,32,0
1386,8/17/2024,8/18/2024,33,14,38,0
1387,02/04/2024,02/12/2024,1219,19,28,0
1388,6/23/2024,07/07/2024,1310,35,32,0
1389,01/04/2024,01/12/2024,3062,8,41,0
1390,01/06/2024,1/13/2024,5000,9,3,0
1391,4/27/2024,05/01/2024,2534,46,45,0
1392,6/27/2024,6/30/2024,4092,19,37,1
1393,3/22/2024,3/26/2024,3240,24,32,1
1394,1/23/2024,02/04/2024,9164,17,17,1
1395,7/22/2024,7/24/2024,7365,12,16,1
1396,06/06/2024,6/16/2024,3117,9,25,1
1397,4/29/2024,05/04/2024,2218,40,22,0
1398,6/24/2024,6/27/2024,6823,38,19,1
1399,2/14/2024,2/25/2024,7411,15,18,1
1400,7/17/2024,7/26/2024,709,47,49,1
1401,3/17/2024,3/25/2024,1522,19,22,0
1402,02/10/2024,2/17/2024,1408,14,15,1
1403,7/23/2024,7/30/2024,417,12,42,0
1404,5/25/2024,06/02/2024,8712,41,25,0
1405,06/11/2024,6/16/2024,623,34,7,0
1406,8/13/2024,8/26/2024,2804,21,20,1
1407,4/26/2024,05/07/2024,7581,14,5,0
1408,4/20/2024,05/03/2024,4640,15,30,0
1409,4/30/2024,05/12/2024,5106,15,10,0
1410,06/06/2024,6/16/2024,2750,31,6,1
1411,02/03/2024,2/16/2024,3202,25,1,0
1412,6/25/2024,07/02/2024,9327,4,2,1
1413,2/13/2024,2/20/2024,5590,26,24,1
1414,06/04/2024,06/07/2024,7996,13,11,1
1415,01/01/2024,1/13/2024,9369,17,13,1
1416,06/01/2024,06/08/2024,2756,39,14,0
1417,08/12/2024,8/23/2024,1135,14,5,0
1418,06/07/2024,06/11/2024,377,40,3,0
1419,03/05/2024,3/18/2024,5335,36,26,1
1420,1/30/2024,02/12/2024,7475,48,48,0
1421,05/11/2024,5/21/2024,4281,32,41,1
1422,05/03/2024,5/13/2024,294,49,5,0
1423,03/10/2024,3/22/2024,2552,3,18,0
1424,02/07/2024,2/15/2024,2967,42,19,0
1425,1/27/2024,02/03/2024,8888,19,38,1
1426,08/06/2024,08/12/2024,803,19,12,0
1427,1/14/2024,1/25/2024,1648,14,44,1
1428,5/25/2024,06/03/2024,5150,32,49,1
1429,04/10/2024,04/12/2024,3732,16,43,0
1430,02/01/2024,02/05/2024,4731,41,2,1
1431,7/20/2024,08/03/2024,6526,48,25,0
1432,4/19/2024,4/22/2024,4829,35,5,0
1433,04/10/2024,4/16/2024,2203,45,1,0
1434,07/05/2024,07/06/2024,9862,26,33,0
1435,07/10/2024,7/17/2024,2595,28,2,0
1436,06/09/2024,6/19/2024,4677,34,28,1
1437,03/07/2024,3/20/2024,6907,14,27,0
1438,3/13/2024,3/21/2024,8140,17,50,1
1439,2/29/2024,3/13/2024,7821,36,33,1
1440,02/11/2024,2/18/2024,6278,27,35,0
1441,6/27/2024,6/28/2024,3389,40,2,1
1442,05/05/2024,05/11/2024,6473,43,41,0
1443,3/21/2024,3/24/2024,8644,8,30,1
1444,3/27/2024,04/02/2024,6689,19,5,1
1445,8/18/2024,8/23/2024,4054,19,19,1
1446,01/09/2024,01/10/2024,8943,42,4,0
1447,2/18/2024,03/02/2024,3318,14,9,0
1448,8/16/2024,8/18/2024,6062,21,32,1
1449,02/01/2024,02/02/2024,1931,30,15,1
1450,02/04/2024,02/10/2024,9076,29,35,1
1451,6/18/2024,6/25/2024,7886,5,5,0
1452,7/17/2024,7/23/2024,605,23,8,1
1453,3/26/2024,3/28/2024,4642,47,15,1
1454,05/04/2024,05/07/2024,8207,19,22,0
1455,08/06/2024,08/12/2024,7336,49,26,1
1456,03/08/2024,3/13/2024,6862,28,13,1
1457,6/27/2024,07/04/2024,2623,3,46,1
1458,06/12/2024,6/15/2024,5770,43,11,1
1459,07/05/2024,07/08/2024,91,20,1,1
1460,05/01/2024,05/11/2024,2354,10,16,0
1461,1/15/2024,1/23/2024,6328,3,30,0
1462,5/18/2024,5/26/2024,1280,50,29,1
1463,4/14/2024,4/22/2024,8915,42,31,1
1464,5/18/2024,5/30/2024,9639,14,50,0
1465,01/10/2024,1/22/2024,5775,13,32,0
1466,04/04/2024,4/15/2024,2411,6,11,1
1467,05/02/2024,5/15/2024,4750,5,27,0
1468,4/26/2024,05/05/2024,3099,37,1,1
1469,6/23/2024,6/27/2024,158,36,38,0
1470,4/26/2024,05/04/2024,7780,34,48,0
1471,5/14/2024,5/18/2024,784,44,37,1
1472,05/07/2024,5/13/2024,9172,11,28,1
1473,2/28/2024,03/12/2024,6616,37,18,0
1474,1/20/2024,1/31/2024,9455,35,9,1
1475,02/01/2024,02/11/2024,1837,18,31,1
1476,6/22/2024,6/23/2024,4641,12,35,0
1477,3/17/2024,3/24/2024,4552,15,1,0
1478,02/02/2024,02/11/2024,4880,3,6,0
1479,03/10/2024,3/20/2024,9588,14,3,1
1480,2/15/2024,2/17/2024,6137,7,3,0
1481,04/03/2024,04/06/2024,3028,11,25,0
1482,3/16/2024,3/26/2024,6250,16,2,1
1483,01/12/2024,1/14/2024,5931,4,40,1
1484,5/18/2024,5/20/2024,3720,27,8,1
1485,03/08/2024,3/16/2024,7619,47,6,0
1486,05/11/2024,5/16/2024,6569,37,36,0
1487,2/29/2024,03/09/2024,8967,13,6,0
1488,1/23/2024,1/25/2024,375,23,4,1
1489,01/09/2024,1/18/2024,5140,15,47,1
1490,3/15/2024,3/27/2024,8136,36,32,0
1491,6/23/2024,07/05/2024,5063,41,29,1
1492,04/03/2024,04/12/2024,7830,3,16,0
1493,6/25/2024,07/08/2024,1901,5,32,0
1494,7/19/2024,7/26/2024,9614,41,20,1
1495,04/01/2024,04/09/2024,870,37,7,1
1496,6/29/2024,7/13/2024,7046,41,27,1
1497,8/16/2024,8/23/2024,1964,25,43,1
1498,2/22/2024,2/25/2024,4285,30,23,1
1499,04/06/2024,04/09/2024,9322,2,14,1
1500,6/19/2024,07/01/2024,4612,18,28,0
1501,2/19/2024,2/25/2024,6145,18,14,1
1502,5/31/2024,06/12/2024,3862,11,32,1
1503,6/18/2024,6/23/2024,439,5,28,1
1504,07/01/2024,07/10/2024,4502,49,4,1
1505,06/03/2024,06/04/2024,9259,28,18,0
1506,2/24/2024,03/09/2024,811,40,16,1
1507,1/31/2024,02/05/2024,4888,42,12,1
1508,2/25/2024,03/09/2024,313,37,20,1
1509,2/20/2024,2/25/2024,2189,3,22,0
1510,7/14/2024,7/25/2024,7462,27,46,0
1511,04/04/2024,4/17/2024,2901,48,8,0
1512,4/22/2024,05/01/2024,3766,9,42,1
1513,06/10/2024,06/12/2024,1351,47,41,0
1514,6/30/2024,07/12/2024,9043,12,40,0
1515,7/31/2024,8/14/2024,9668,29,28,1
1516,2/27/2024,03/05/2024,9644,11,3,0
1517,1/21/2024,1/22/2024,6199,39,47,1
1518,6/23/2024,6/27/2024,8861,32,39,0
1519,3/28/2024,04/01/2024,7514,21,35,1
1520,7/30/2024,08/10/2024,4178,46,23,1
1521,5/19/2024,5/20/2024,4503,19,36,0
1522,04/06/2024,4/16/2024,8217,11,19,1
1523,4/28/2024,05/08/2024,7671,27,24,0
1524,7/21/2024,08/01/2024,869,6,42,0
1525,08/09/2024,08/11/2024,1001,10,26,1
1526,01/07/2024,1/15/2024,3822,38,13,0
1527,6/24/2024,07/05/2024,8676,18,36,0
1528,4/28/2024,05/12/2024,1853,10,47,0
1529,3/16/2024,3/24/2024,5507,11,9,0
1530,7/18/2024,7/31/2024,7330,25,25,0
1531,4/23/2024,05/06/2024,4445,13,36,0
1532,02/10/2024,2/15/2024,7153,36,50,1
1533,2/20/2024,2/27/2024,5550,48,15,1
1534,02/08/2024,2/18/2024,9601,10,27,0
1535,3/27/2024,04/08/2024,6773,7,42,0
1536,6/30/2024,07/02/2024,9252,8,15,1
1537,4/24/2024,05/01/2024,530,12,45,0
1538,7/24/2024,08/03/2024,361,38,27,1
1539,5/17/2024,5/19/2024,5481,22,20,0
1540,6/27/2024,07/04/2024,9478,13,46,0
1541,3/29/2024,04/02/2024,2740,9,24,0
1542,02/10/2024,2/16/2024,7004,3,38,0
1543,5/19/2024,06/02/2024,5766,49,13,0
1544,7/30/2024,08/10/2024,8428,2,22,1
1545,2/28/2024,3/13/2024,7270,15,37,1
1546,7/26/2024,08/09/2024,8084,42,26,0
1547,8/18/2024,8/30/2024,9068,43,14,0
1548,2/26/2024,03/01/2024,3036,24,35,1
1549,07/06/2024,07/12/2024,569,14,24,1
1550,07/04/2024,07/09/2024,2548,3,5,1
1551,03/09/2024,3/18/2024,7491,34,46,1
1552,3/15/2024,3/18/2024,1093,34,19,1
1553,1/27/2024,1/29/2024,2351,27,12,1
1554,05/02/2024,05/05/2024,1796,31,47,1
1555,2/24/2024,03/05/2024,1501,17,16,0
1556,02/05/2024,2/14/2024,6630,40,36,0
1557,5/15/2024,5/23/2024,7935,44,9,0
1558,04/01/2024,04/02/2024,3428,18,18,0
1559,08/07/2024,8/20/2024,9670,19,46,0
1560,02/06/2024,2/20/2024,6947,12,41,1
1561,07/05/2024,07/10/2024,8849,32,8,0
1562,8/13/2024,8/14/2024,1611,12,3,0
1563,01/12/2024,1/16/2024,1549,8,47,0
1564,6/20/2024,6/26/2024,6639,30,45,0
1565,2/17/2024,2/26/2024,7846,34,50,0
1566,7/28/2024,08/10/2024,7447,22,1,0
1567,07/06/2024,7/14/2024,5865,36,21,0
1568,04/08/2024,4/16/2024,1938,26,28,0
1569,6/21/2024,07/03/2024,8916,38,24,0
1570,06/06/2024,06/12/2024,5474,23,34,0
1571,05/02/2024,05/07/2024,3036,11,18,0
1572,7/30/2024,08/01/2024,3535,19,15,1
1573,4/24/2024,05/03/2024,9511,25,8,0
1574,01/12/2024,1/13/2024,8553,17,34,0
1575,4/17/2024,4/29/2024,1510,16,50,0
1576,7/27/2024,08/07/2024,7220,49,33,1
1577,06/07/2024,6/20/2024,7945,42,12,1
1578,06/01/2024,06/11/2024,4969,14,12,0
1579,3/25/2024,04/04/2024,4008,43,29,1
1580,7/19/2024,7/20/2024,256,2,27,0
1581,3/15/2024,3/18/2024,8838,26,20,0
1582,2/28/2024,3/13/2024,7065,1,13,0
1583,08/12/2024,8/24/2024,5843,24,2,0
1584,02/11/2024,02/12/2024,4581,43,26,1
1585,1/14/2024,1/26/2024,79,25,37,0
1586,5/16/2024,5/25/2024,1560,40,21,1
1587,7/18/2024,7/24/2024,8874,30,4,1
1588,5/15/2024,5/21/2024,2012,25,27,1
1589,3/31/2024,4/14/2024,2656,34,47,1
1590,02/10/2024,2/19/2024,9832,15,5,0
1591,03/03/2024,3/14/2024,6507,21,30,0
1592,6/25/2024,07/04/2024,4724,38,22,0
1593,08/08/2024,8/17/2024,711,44,9,1
1594,05/10/2024,5/16/2024,7654,27,19,1
1595,2/23/2024,2/27/2024,8504,20,40,1
1596,1/16/2024,1/26/2024,2325,39,19,0
1597,07/09/2024,7/16/2024,2822,9,36,1
1598,4/17/2024,4/26/2024,889,24,34,1
1599,8/17/2024,8/27/2024,2904,23,23,1
1600,01/04/2024,01/09/2024,476,32,3,0
1601,8/13/2024,8/26/2024,120,31,42,1
1602,05/03/2024,5/13/2024,2209,43,39,0
1603,5/21/2024,5/24/2024,8029,11,21,0
1604,3/31/2024,04/06/2024,1457,46,31,0
1605,4/17/2024,4/27/2024,7671,40,41,0
1606,5/21/2024,5/31/2024,8716,38,7,0
1607,08/07/2024,8/14/2024,6572,14,33,1
1608,2/29/2024,03/09/2024,851,10,31,1
1609,5/16/2024,5/20/2024,3688,24,39,0
1610,04/01/2024,04/07/2024,8233,36,35,1
1611,3/18/2024,3/27/2024,1629,29,36,1
1612,1/19/2024,02/02/2024,4887,31,8,1
1613,7/29/2024,08/01/2024,8619,12,46,0
1614,01/11/2024,1/18/2024,561,32,2,0
1615,4/14/2024,4/18/2024,4514,43,49,1
1616,4/21/2024,05/04/2024,285,43,31,1
1617,04/04/2024,04/09/2024,5365,27,15,0
1618,06/07/2024,06/09/2024,1487,7,45,0
1619,7/25/2024,7/30/2024,7140,46,8,0
1620,07/04/2024,7/16/2024,4663,35,7,1
1621,3/27/2024,04/05/2024,7643,9,40,0
1622,2/27/2024,2/28/2024,965,42,34,1
1623,08/02/2024,08/04/2024,8107,16,12,0
1624,4/26/2024,05/03/2024,7282,36,40,1
1625,5/28/2024,5/31/2024,7715,18,34,1
1626,06/07/2024,6/14/2024,5186,33,17,0
1627,5/31/2024,06/07/2024,9071,28,48,1
1628,3/31/2024,04/04/2024,8122,43,35,1
1629,7/15/2024,7/25/2024,9824,31,25,1
1630,7/20/2024,08/01/2024,6262,45,22,0
1631,07/02/2024,07/09/2024,8263,12,12,1
1632,3/31/2024,04/12/2024,7058,27,2,1
1633,2/22/2024,03/02/2024,8218,36,48,0
1634,07/12/2024,7/23/2024,8802,34,21,1
1635,01/12/2024,1/15/2024,8196,37,33,1
1636,1/19/2024,1/27/2024,8465,26,27,1
1637,2/24/2024,03/03/2024,5932,32,27,1
1638,2/13/2024,2/23/2024,4674,43,37,0
1639,5/13/2024,5/20/2024,669,8,22,1
1640,4/23/2024,05/01/2024,2462,42,4,1
1641,08/12/2024,8/19/2024,1666,48,50,1
1642,8/19/2024,8/30/2024,9524,32,19,1
1643,6/20/2024,6/30/2024,2939,15,50,0
1644,02/12/2024,2/21/2024,4916,39,49,0
1645,7/14/2024,7/18/2024,5340,39,19,0
1646,6/27/2024,07/07/2024,2437,36,45,0
1647,01/11/2024,01/12/2024,5308,36,5,0
1648,2/29/2024,03/05/2024,6203,1,33,1
1649,1/15/2024,1/20/2024,14,28,41,0
1650,8/19/2024,8/24/2024,9817,13,24,0
1651,02/11/2024,2/19/2024,1713,12,31,1
1652,5/20/2024,5/23/2024,9661,48,42,0
1653,6/25/2024,6/27/2024,403,30,28,1
1654,4/25/2024,05/03/2024,3307,35,22,1
1655,1/25/2024,02/07/2024,1281,42,6,0
1656,02/10/2024,2/22/2024,8323,31,32,0
1657,6/17/2024,6/23/2024,1454,45,30,1
1658,06/07/2024,6/20/2024,4209,6,32,0
1659,03/08/2024,03/09/2024,8818,11,2,0
1660,08/11/2024,8/22/2024,9358,16,48,0
1661,5/19/2024,06/01/2024,2407,5,5,1
1662,3/22/2024,04/05/2024,2841,11,33,1
1663,8/19/2024,8/30/2024,9442,10,31,0
1664,04/01/2024,04/10/2024,8989,2,7,0
1665,4/30/2024,05/04/2024,862,43,36,0
1666,1/27/2024,02/05/2024,310,35,3,0
1667,05/09/2024,5/19/2024,5689,39,32,0
1668,02/05/2024,02/06/2024,7358,14,7,0
1669,3/31/2024,04/07/2024,3251,40,49,1
1670,03/07/2024,3/19/2024,2872,25,3,1
1671,06/08/2024,06/11/2024,6620,6,24,0
1672,06/09/2024,6/15/2024,4666,34,46,0
1673,1/22/2024,1/25/2024,770,8,6,0
1674,2/28/2024,03/10/2024,604,45,10,1
1675,03/07/2024,03/11/2024,8671,12,26,0
1676,3/22/2024,04/02/2024,3010,41,11,1
1677,1/13/2024,1/25/2024,8326,2,9,1
1678,6/15/2024,6/26/2024,8432,38,6,0
1679,5/17/2024,5/29/2024,8948,4,45,1
1680,03/11/2024,3/17/2024,7693,42,2,0
1681,7/19/2024,7/21/2024,5954,32,22,0
1682,06/06/2024,6/15/2024,9795,17,18,0
1683,3/16/2024,3/24/2024,8294,30,12,1
1684,01/02/2024,1/16/2024,2945,9,5,0
1685,03/04/2024,03/10/2024,4233,6,12,0
1686,6/29/2024,07/01/2024,3329,9,36,0
1687,4/19/2024,4/26/2024,9658,18,42,1
1688,08/09/2024,8/18/2024,4413,1,33,1
1689,06/01/2024,06/08/2024,6600,3,3,1
1690,3/14/2024,3/24/2024,7081,21,23,1
1691,2/22/2024,2/29/2024,4857,25,17,0
1692,02/11/2024,2/22/2024,8574,17,42,1
1693,04/11/2024,4/22/2024,4074,7,4,0
1694,3/17/2024,3/19/2024,1217,31,24,1
1695,7/26/2024,08/01/2024,1269,40,27,1
1696,1/14/2024,1/21/2024,4196,41,28,1
1697,01/05/2024,1/14/2024,6415,3,1,0
1698,7/27/2024,08/10/2024,1384,29,46,0
1699,08/07/2024,08/10/2024,767,30,21,0
1700,4/15/2024,4/24/2024,1475,44,30,0
1701,8/16/2024,8/21/2024,8688,8,9,1
1702,4/13/2024,4/26/2024,1140,22,43,0
1703,05/11/2024,5/18/2024,3322,6,15,1
1704,3/19/2024,3/20/2024,9989,22,40,1
1705,4/23/2024,4/27/2024,2923,26,49,0
1706,04/02/2024,04/10/2024,6290,25,32,1
1707,04/04/2024,4/14/2024,4239,14,32,1
1708,7/25/2024,08/07/2024,856,45,11,0
1709,3/26/2024,3/30/2024,1837,42,4,0
1710,05/12/2024,5/21/2024,2892,47,34,1
1711,05/06/2024,5/18/2024,4606,23,20,1
1712,4/21/2024,4/24/2024,9562,17,46,1
1713,1/25/2024,02/02/2024,5726,7,19,0
1714,3/22/2024,04/05/2024,5928,9,48,0
1715,01/02/2024,01/11/2024,6090,14,38,0
1716,05/06/2024,05/07/2024,15,29,19,0
1717,7/31/2024,08/10/2024,513,42,43,1
1718,02/12/2024,2/19/2024,9975,29,42,1
1719,04/09/2024,04/12/2024,6007,12,33,0
1720,06/05/2024,6/13/2024,8111,50,50,1
1721,7/22/2024,7/24/2024,7129,24,17,0
1722,3/31/2024,4/13/2024,9534,50,4,1
1723,3/20/2024,3/29/2024,5846,22,9,0
1724,1/25/2024,02/08/2024,4182,9,14,0
1725,06/12/2024,6/15/2024,4026,25,8,0
1726,1/19/2024,1/31/2024,9637,34,48,1
1727,2/20/2024,2/21/2024,9210,42,6,0
1728,06/07/2024,06/09/2024,5545,11,41,1
1729,05/04/2024,05/11/2024,9160,32,3,1
1730,05/02/2024,05/05/2024,3196,25,10,1
1731,03/05/2024,03/10/2024,1808,26,27,0
1732,04/10/2024,4/22/2024,1755,3,16,1
1733,7/29/2024,08/06/2024,7540,7,9,0
1734,2/17/2024,2/25/2024,1441,28,8,0
1735,6/29/2024,07/03/2024,9939,30,17,0
1736,4/15/2024,4/22/2024,3606,5,45,0
1737,02/04/2024,2/17/2024,6589,15,10,1
1738,4/13/2024,4/27/2024,4141,8,40,0
1739,5/18/2024,5/24/2024,7057,12,1,0
1740,06/07/2024,06/10/2024,1227,42,17,1
1741,1/19/2024,1/24/2024,1036,19,45,1
1742,01/06/2024,1/14/2024,130,35,49,0
1743,07/02/2024,07/12/2024,5805,49,13,0
1744,6/24/2024,07/04/2024,3275,35,10,0
1745,01/04/2024,1/15/2024,6611,5,21,0
1746,5/23/2024,5/27/2024,2073,38,43,0
1747,7/28/2024,08/08/2024,7948,42,22,0
1748,04/05/2024,04/11/2024,986,39,24,0
1749,5/24/2024,5/28/2024,1527,41,24,0
1750,03/11/2024,03/12/2024,3207,17,35,0
1751,1/21/2024,1/23/2024,2283,8,50,1
1752,3/26/2024,3/30/2024,1651,8,26,1
1753,5/19/2024,5/24/2024,2116,37,34,0
1754,08/09/2024,8/17/2024,2897,39,21,1
1755,4/18/2024,4/21/2024,5473,44,15,1
1756,07/07/2024,07/08/2024,2180,28,29,1
1757,6/27/2024,07/05/2024,7907,23,35,0
1758,3/15/2024,3/23/2024,1539,26,35,0
1759,05/02/2024,05/12/2024,8078,41,45,1
1760,2/18/2024,2/24/2024,6803,32,45,1
1761,05/04/2024,05/10/2024,6821,43,27,1
1762,04/07/2024,4/16/2024,6068,44,13,0
1763,3/26/2024,3/29/2024,2523,49,33,1
1764,7/15/2024,7/18/2024,1987,28,42,1
1765,7/17/2024,7/23/2024,3904,5,4,1
1766,6/28/2024,07/10/2024,9828,37,36,1
1767,4/21/2024,4/26/2024,5828,36,3,0
1768,7/25/2024,7/27/2024,8793,19,37,0
1769,3/21/2024,3/29/2024,2039,34,31,0
1770,1/23/2024,02/06/2024,2501,32,1,0
1771,01/09/2024,01/12/2024,2130,43,40,0
1772,06/05/2024,6/14/2024,7852,35,35,1
1773,6/17/2024,6/23/2024,4377,31,44,0
1774,08/11/2024,8/24/2024,9912,7,24,0
1775,6/28/2024,07/05/2024,5990,32,40,0
1776,4/14/2024,4/26/2024,4824,48,7,0
1777,1/29/2024,02/03/2024,7633,21,50,1
1778,02/04/2024,2/17/2024,551,16,19,0
1779,08/09/2024,8/22/2024,1947,7,12,1
1780,6/15/2024,6/17/2024,6599,8,20,1
1781,1/29/2024,02/06/2024,9803,19,39,1
1782,2/25/2024,03/01/2024,5478,37,32,1
1783,06/05/2024,06/10/2024,338,22,33,1
1784,6/17/2024,6/19/2024,4379,8,48,0
1785,03/07/2024,03/11/2024,6609,35,44,0
1786,1/23/2024,1/25/2024,6552,18,38,1
1787,3/19/2024,04/01/2024,746,25,27,1
1788,5/30/2024,06/10/2024,4855,29,30,1
1789,4/30/2024,05/07/2024,1001,28,40,0
1790,7/18/2024,7/31/2024,1317,5,14,1
1791,5/22/2024,5/25/2024,8631,46,35,0
1792,08/10/2024,8/16/2024,1040,45,41,1
1793,3/18/2024,3/22/2024,2659,41,24,0
1794,1/31/2024,02/02/2024,3076,1,18,0
1795,7/27/2024,08/03/2024,9726,30,28,0
1796,04/11/2024,4/21/2024,5059,2,17,0
1797,1/24/2024,1/30/2024,6661,9,20,1
1798,4/28/2024,05/10/2024,4478,10,21,0
1799,07/02/2024,07/12/2024,378,50,13,0
1800,04/12/2024,4/23/2024,9543,37,29,1
1801,05/09/2024,5/23/2024,1257,5,46,0
1802,06/10/2024,6/23/2024,1499,39,37,0
1803,05/01/2024,05/06/2024,5387,15,7,0
1804,8/19/2024,8/25/2024,6411,33,34,0
1805,2/19/2024,2/27/2024,4581,50,50,0
1806,7/31/2024,08/11/2024,9519,5,7,1
1807,02/04/2024,2/17/2024,759,14,12,1
1808,1/13/2024,1/19/2024,7163,34,1,1
1809,02/07/2024,02/09/2024,2360,49,18,0
1810,04/07/2024,4/17/2024,8030,31,36,0
1811,02/07/2024,2/18/2024,8595,14,31,1
1812,4/13/2024,4/14/2024,5354,2,49,0
1813,05/11/2024,5/13/2024,6695,37,35,0
1814,2/17/2024,2/19/2024,3733,31,28,0
1815,7/24/2024,08/05/2024,3725,11,4,0
1816,7/31/2024,08/06/2024,812,11,45,1
1817,02/03/2024,02/07/2024,3333,41,6,0
1818,7/21/2024,08/03/2024,3380,25,12,0
1819,5/22/2024,5/24/2024,8993,30,27,1
1820,1/23/2024,1/30/2024,1692,5,6,1
1821,01/11/2024,1/14/2024,6141,27,24,0
1822,1/27/2024,02/03/2024,6414,42,24,1
1823,2/28/2024,03/11/2024,1815,25,21,1
1824,08/10/2024,8/20/2024,2033,34,44,0
1825,1/22/2024,02/02/2024,4491,22,8,0
1826,2/23/2024,03/05/2024,8715,25,45,0
1827,03/11/2024,3/15/2024,650,24,2,0
1828,01/04/2024,01/12/2024,1733,19,20,0
1829,01/08/2024,1/18/2024,5157,1,18,0
1830,5/15/2024,5/16/2024,1944,1,36,0
1831,2/19/2024,2/29/2024,6443,39,22,1
1832,05/06/2024,5/16/2024,4540,22,35,0
1833,6/14/2024,6/17/2024,2583,43,5,1
1834,08/01/2024,08/08/2024,8859,34,44,0
1835,06/02/2024,06/08/2024,8003,46,22,0
1836,04/04/2024,04/11/2024,6979,35,9,1
1837,08/02/2024,08/04/2024,2537,19,3,0
1838,4/19/2024,4/23/2024,3482,33,26,1
1839,2/19/2024,2/23/2024,5559,24,11,1
1840,7/23/2024,08/05/2024,849,39,35,1
1841,04/01/2024,4/13/2024,8292,18,32,0
1842,8/19/2024,09/02/2024,6688,28,44,0
1843,6/18/2024,07/02/2024,145,50,32,0
1844,04/08/2024,04/09/2024,6895,37,39,1
1845,7/29/2024,08/03/2024,5130,5,42,0
1846,7/13/2024,7/23/2024,1391,3,21,0
1847,05/07/2024,05/09/2024,5369,21,3,0
1848,3/26/2024,04/01/2024,4211,35,25,0
1849,06/11/2024,6/20/2024,4404,25,11,0
1850,02/05/2024,2/15/2024,7100,42,26,1
1851,2/20/2024,2/26/2024,9225,25,10,0
1852,5/31/2024,06/03/2024,5147,21,14,0
1853,7/22/2024,7/30/2024,464,14,32,0
1854,3/24/2024,3/29/2024,4708,11,23,1
1855,6/18/2024,6/19/2024,4141,13,29,0
1856,08/06/2024,8/14/2024,9577,24,22,0
1857,03/12/2024,3/18/2024,1960,25,38,0
1858,02/10/2024,2/22/2024,5199,10,43,0
1859,02/07/2024,02/12/2024,7690,1,32,0
1860,06/09/2024,6/18/2024,3239,37,28,0
1861,2/24/2024,03/02/2024,4023,49,35,0
1862,04/08/2024,4/22/2024,1445,11,29,0
1863,02/05/2024,2/15/2024,5433,47,25,1
1864,01/04/2024,01/09/2024,3832,40,6,1
1865,04/10/2024,4/13/2024,1056,40,27,0
1866,1/19/2024,1/23/2024,6551,11,5,1
1867,04/09/2024,4/13/2024,3706,36,31,0
1868,2/26/2024,2/27/2024,6954,19,2,0
1869,4/25/2024,4/28/2024,5239,25,5,0
1870,2/25/2024,03/07/2024,2336,15,14,0
1871,2/16/2024,2/26/2024,5602,44,19,0
1872,6/26/2024,07/03/2024,8867,19,47,1
1873,1/14/2024,1/19/2024,7492,13,25,1
1874,04/01/2024,04/05/2024,6403,50,19,1
1875,01/07/2024,1/17/2024,6267,16,22,1
1876,04/02/2024,04/08/2024,7920,22,7,0
1877,03/08/2024,3/20/2024,921,11,32,1
1878,01/03/2024,1/14/2024,2070,23,4,0
1879,1/16/2024,1/24/2024,6163,27,32,1
1880,03/10/2024,3/15/2024,1893,30,22,1
1881,3/29/2024,04/01/2024,5400,22,25,0
1882,08/01/2024,08/07/2024,5952,20,16,1
1883,3/17/2024,3/31/2024,1402,14,20,0
1884,07/10/2024,7/15/2024,2112,15,50,1
1885,3/17/2024,3/26/2024,8295,10,24,0
1886,04/05/2024,04/12/2024,2054,37,35,0
1887,2/13/2024,2/25/2024,349,25,48,1
1888,6/20/2024,07/04/2024,6403,15,30,1
1889,08/06/2024,8/14/2024,7491,22,22,1
1890,05/09/2024,05/12/2024,9435,11,38,0
1891,2/17/2024,2/20/2024,7501,49,33,0
1892,6/30/2024,7/13/2024,6466,37,45,1
1893,08/11/2024,8/14/2024,1124,36,1,1
1894,3/14/2024,3/23/2024,4982,36,34,0
1895,4/13/2024,4/18/2024,8791,3,6,0
1896,03/06/2024,03/08/2024,1735,30,1,0
1897,2/21/2024,2/26/2024,4698,21,33,1
1898,6/18/2024,07/01/2024,3491,16,27,0
1899,01/08/2024,1/17/2024,6007,10,22,0
1900,07/09/2024,07/11/2024,3545,20,26,1
1901,08/03/2024,08/09/2024,5066,7,10,0
1902,02/03/2024,02/09/2024,9166,4,33,0
1903,3/30/2024,04/11/2024,6726,5,28,0
1904,06/09/2024,6/17/2024,5345,32,22,0
1905,7/24/2024,08/04/2024,3609,10,29,0
1906,7/31/2024,08/10/2024,8175,35,10,1
1907,6/21/2024,6/23/2024,6290,30,47,1
1908,05/08/2024,05/09/2024,2143,43,33,0
1909,3/29/2024,3/31/2024,5779,31,17,0
1910,03/02/2024,3/15/2024,5099,21,42,0
1911,02/07/2024,2/19/2024,7992,3,44,1
1912,6/24/2024,07/06/2024,61,11,21,0
1913,02/01/2024,02/09/2024,6177,11,35,1
1914,4/30/2024,05/11/2024,504,8,12,1
1915,08/05/2024,8/17/2024,1865,6,26,0
1916,8/19/2024,8/31/2024,6514,2,38,1
1917,4/20/2024,4/27/2024,2484,33,37,0
1918,03/07/2024,03/08/2024,4306,4,16,0
1919,4/17/2024,4/27/2024,5969,32,27,0
1920,08/02/2024,8/15/2024,2802,42,50,1
1921,3/31/2024,04/01/2024,5167,5,14,0
1922,5/17/2024,5/21/2024,8489,7,20,1
1923,7/15/2024,7/19/2024,3515,16,9,1
1924,06/11/2024,6/15/2024,1830,32,28,0
1925,01/07/2024,1/21/2024,2720,48,26,0
1926,1/30/2024,1/31/2024,1663,40,38,1
1927,04/05/2024,4/19/2024,4919,21,34,1
1928,1/28/2024,02/04/2024,9362,36,19,0
1929,5/27/2024,06/06/2024,8606,26,12,0
1930,4/30/2024,05/04/2024,2752,11,31,0
1931,08/09/2024,8/14/2024,2950,39,34,0
1932,7/30/2024,08/09/2024,1341,50,26,0
1933,4/14/2024,4/18/2024,4510,1,12,1
1934,4/20/2024,4/30/2024,7866,13,9,0
1935,08/10/2024,8/18/2024,5426,1,6,1
1936,3/18/2024,3/25/2024,3136,5,21,1
1937,08/06/2024,08/09/2024,1344,35,41,0
1938,04/03/2024,04/10/2024,91,12,39,0
1939,06/11/2024,6/14/2024,2132,14,47,0
1940,5/29/2024,5/31/2024,8462,43,24,1
1941,8/13/2024,8/18/2024,1911,40,25,1
1942,6/29/2024,07/01/2024,9020,46,21,1
1943,7/17/2024,7/30/2024,7794,21,20,0
1944,03/05/2024,3/19/2024,5744,30,9,1
1945,4/29/2024,05/08/2024,486,35,5,0
1946,7/22/2024,08/02/2024,9101,50,22,0
1947,1/25/2024,1/26/2024,9499,50,2,1
1948,7/31/2024,08/01/2024,8264,21,6,1
1949,01/03/2024,1/17/2024,677,26,35,0
1950,04/09/2024,4/17/2024,2736,28,21,1
1951,7/25/2024,7/26/2024,2335,35,35,1
1952,04/05/2024,04/12/2024,2925,47,46,1
1953,1/14/2024,1/25/2024,561,21,18,1
1954,5/27/2024,5/31/2024,7411,21,7,0
1955,08/04/2024,08/05/2024,7959,40,13,0
1956,01/10/2024,1/18/2024,3792,13,17,1
1957,01/07/2024,1/21/2024,7899,36,7,0
1958,5/31/2024,06/11/2024,4296,46,16,1
1959,8/18/2024,8/19/2024,1315,10,34,1
1960,6/29/2024,07/04/2024,5224,38,42,1
1961,05/10/2024,5/16/2024,7008,33,30,1
1962,02/10/2024,2/24/2024,6435,4,47,1
1963,06/11/2024,6/23/2024,3833,34,18,1
1964,3/13/2024,3/16/2024,9076,35,40,1
1965,5/27/2024,06/03/2024,6214,2,33,0
1966,01/02/2024,01/08/2024,5224,22,48,0
1967,07/10/2024,7/22/2024,391,29,46,1
1968,7/15/2024,7/23/2024,4365,44,49,0
1969,6/21/2024,6/23/2024,1326,14,16,0
1970,5/24/2024,06/04/2024,3922,48,8,1
1971,2/24/2024,2/25/2024,5770,18,37,0
1972,8/15/2024,8/17/2024,4284,2,32,1
1973,5/29/2024,06/08/2024,701,31,12,1
1974,08/03/2024,8/15/2024,1623,18,19,0
1975,7/31/2024,08/01/2024,718,14,11,1
1976,1/27/2024,02/01/2024,8145,18,30,0
1977,3/31/2024,04/01/2024,781,47,32,0
1978,2/18/2024,2/22/2024,3849,19,22,1
1979,03/02/2024,03/06/2024,6035,1,28,1
1980,2/18/2024,2/21/2024,2482,27,31,0
1981,6/25/2024,07/09/2024,8874,49,27,1
1982,04/12/2024,4/25/2024,2047,21,12,1
1983,4/20/2024,4/29/2024,6565,38,43,1
1984,4/16/2024,4/22/2024,2210,37,27,0
1985,3/18/2024,3/29/2024,1376,11,34,1
1986,1/23/2024,1/25/2024,3538,10,6,1
1987,05/02/2024,05/08/2024,5657,8,41,0
1988,8/15/2024,8/18/2024,3996,38,16,0
1989,2/24/2024,2/26/2024,2275,37,14,1
1990,7/13/2024,7/27/2024,5391,37,13,0
1991,5/15/2024,5/16/2024,5515,27,50,1
1992,4/13/2024,4/14/2024,7534,24,29,1
1993,03/12/2024,3/14/2024,757,24,7,0
1994,6/21/2024,6/26/2024,2277,11,25,1
1995,6/18/2024,6/28/2024,6421,35,3,1
1996,02/01/2024,2/15/2024,7919,14,48,0
1997,03/04/2024,3/14/2024,2895,23,39,1
1998,03/08/2024,3/21/2024,140,33,48,1
1999,05/05/2024,05/09/2024,7028,29,7,0
2000,07/08/2024,07/10/2024,4551,1,15,1
